323756,EK1_A32LD0/PCGAPC1.CntVal1.actVal:BCR,"""2025-04-25T09:45:11.830Z"""
323757,EK1_A32LD0/PCGAPC1.CntVal1.actVal:BCR,"""2025-04-25T09:45:16.835Z"""
323758,EK1_A32LD0/PCGAPC1.CntVal1.actVal:BCR,"""2025-04-25T09:45:21.840Z"""
323759,EK1_A32LD0/PCGAPC1.CntVal1.actVal:BCR,"""2025-04-25T09:45:26.845Z"""
323760,EK1_A32LD0/PCGAPC1.CntVal1.actVal:BCR,"""2025-04-25T09:45:31.850Z"""
323761,EK1_A32LD0/PCGAPC1.CntVal1.actVal:BCR,"""2025-04-25T09:45:36.855Z"""
323762,EK1_A32LD0/PCGAPC1.CntVal1.actVal:BCR,"""2025-04-25T09:45:41.860Z"""
323763,EK1_A32LD0/PCGAPC1.CntVal1.actVal:BCR,"""2025-04-25T09:45:46.865Z"""
323763,EK1_A32LD0/PCGAPC1.CntVal1.actVal:BCR,"""2025-04-25T09:45:51.662Z"""
323764,EK1_A32LD0/PCGAPC1.CntVal1.actVal:BCR,"""2025-04-25T09:45:51.870Z"""
323765,EK1_A32LD0/PCGAPC1.CntVal1.actVal:BCR,"""2025-04-25T09:45:56.875Z"""
323766,EK1_A32LD0/PCGAPC1.CntVal1.actVal:BCR,"""2025-04-25T09:46:01.880Z"""
323767,EK1_A32LD0/PCGAPC1.CntVal1.actVal:BCR,"""2025-04-25T09:46:06.885Z"""
323768,EK1_A32LD0/PCGAPC1.CntVal1.actVal:BCR,"""2025-04-25T09:46:11.890Z"""
323769,EK1_A32LD0/PCGAPC1.CntVal1.actVal:BCR,"""2025-04-25T09:46:16.895Z"""
323770,EK1_A32LD0/PCGAPC1.CntVal1.actVal:BCR,"""2025-04-25T09:46:21.900Z"""
323771,EK1_A32LD0/PCGAPC1.CntVal1.actVal:BCR,"""2025-04-25T09:46:26.905Z"""
323772,EK1_A32LD0/PCGAPC1.CntVal1.actVal:BCR,"""2025-04-25T09:46:31.910Z"""
323773,EK1_A32LD0/PCGAPC1.CntVal1.actVal:BCR,"""2025-04-25T09:46:36.915Z"""
323774,EK1_A32LD0/PCGAPC1.CntVal1.actVal:BCR,"""2025-04-25T09:46:41.920Z"""
323775,EK1_A32LD0/PCGAPC1.CntVal1.actVal:BCR,"""2025-04-25T09:46:46.925Z"""
323775,EK1_A32LD0/PCGAPC1.CntVal1.actVal:BCR,"""2025-04-25T09:46:51.662Z"""
323776,EK1_A32LD0/PCGAPC1.CntVal1.actVal:BCR,"""2025-04-25T09:46:51.930Z"""
323777,EK1_A32LD0/PCGAPC1.CntVal1.actVal:BCR,"""2025-04-25T09:46:56.935Z"""
323778,EK1_A32LD0/PCGAPC1.CntVal1.actVal:BCR,"""2025-04-25T09:47:01.940Z"""
323779,EK1_A32LD0/PCGAPC1.CntVal1.actVal:BCR,"""2025-04-25T09:47:06.945Z"""
323780,EK1_A32LD0/PCGAPC1.CntVal1.actVal:BCR,"""2025-04-25T09:47:11.950Z"""
323781,EK1_A32LD0/PCGAPC1.CntVal1.actVal:BCR,"""2025-04-25T09:47:16.955Z"""
323782,EK1_A32LD0/PCGAPC1.CntVal1.actVal:BCR,"""2025-04-25T09:47:21.960Z"""
323783,EK1_A32LD0/PCGAPC1.CntVal1.actVal:BCR,"""2025-04-25T09:47:26.965Z"""
323784,EK1_A32LD0/PCGAPC1.CntVal1.actVal:BCR,"""2025-04-25T09:47:31.970Z"""
323785,EK1_A32LD0/PCGAPC1.CntVal1.actVal:BCR,"""2025-04-25T09:47:36.975Z"""
323786,EK1_A32LD0/PCGAPC1.CntVal1.actVal:BCR,"""2025-04-25T09:47:41.980Z"""
323787,EK1_A32LD0/PCGAPC1.CntVal1.actVal:BCR,"""2025-04-25T09:47:46.985Z"""
323787,EK1_A32LD0/PCGAPC1.CntVal1.actVal:BCR,"""2025-04-25T09:47:51.662Z"""
323788,EK1_A32LD0/PCGAPC1.CntVal1.actVal:BCR,"""2025-04-25T09:47:51.990Z"""
323789,EK1_A32LD0/PCGAPC1.CntVal1.actVal:BCR,"""2025-04-25T09:47:56.995Z"""
323790,EK1_A32LD0/PCGAPC1.CntVal1.actVal:BCR,"""2025-04-25T09:48:02.000Z"""
323791,EK1_A32LD0/PCGAPC1.CntVal1.actVal:BCR,"""2025-04-25T09:48:07.005Z"""
323792,EK1_A32LD0/PCGAPC1.CntVal1.actVal:BCR,"""2025-04-25T09:48:12.010Z"""
323793,EK1_A32LD0/PCGAPC1.CntVal1.actVal:BCR,"""2025-04-25T09:48:17.015Z"""
323794,EK1_A32LD0/PCGAPC1.CntVal1.actVal:BCR,"""2025-04-25T09:48:22.020Z"""
323795,EK1_A32LD0/PCGAPC1.CntVal1.actVal:BCR,"""2025-04-25T09:48:27.025Z"""
323796,EK1_A32LD0/PCGAPC1.CntVal1.actVal:BCR,"""2025-04-25T09:48:32.030Z"""
323797,EK1_A32LD0/PCGAPC1.CntVal1.actVal:BCR,"""2025-04-25T09:48:37.035Z"""
323798,EK1_A32LD0/PCGAPC1.CntVal1.actVal:BCR,"""2025-04-25T09:48:42.040Z"""
323799,EK1_A32LD0/PCGAPC1.CntVal1.actVal:BCR,"""2025-04-25T09:48:47.045Z"""
323799,EK1_A32LD0/PCGAPC1.CntVal1.actVal:BCR,"""2025-04-25T09:48:51.662Z"""
323800,EK1_A32LD0/PCGAPC1.CntVal1.actVal:BCR,"""2025-04-25T09:48:52.050Z"""
323801,EK1_A32LD0/PCGAPC1.CntVal1.actVal:BCR,"""2025-04-25T09:48:57.055Z"""
323802,EK1_A32LD0/PCGAPC1.CntVal1.actVal:BCR,"""2025-04-25T09:49:02.060Z"""
323803,EK1_A32LD0/PCGAPC1.CntVal1.actVal:BCR,"""2025-04-25T09:49:07.065Z"""
323804,EK1_A32LD0/PCGAPC1.CntVal1.actVal:BCR,"""2025-04-25T09:49:12.070Z"""
323805,EK1_A32LD0/PCGAPC1.CntVal1.actVal:BCR,"""2025-04-25T09:49:17.075Z"""
323806,EK1_A32LD0/PCGAPC1.CntVal1.actVal:BCR,"""2025-04-25T09:49:22.080Z"""
323807,EK1_A32LD0/PCGAPC1.CntVal1.actVal:BCR,"""2025-04-25T09:49:27.085Z"""
323808,EK1_A32LD0/PCGAPC1.CntVal1.actVal:BCR,"""2025-04-25T09:49:32.090Z"""
323809,EK1_A32LD0/PCGAPC1.CntVal1.actVal:BCR,"""2025-04-25T09:49:37.095Z"""
323810,EK1_A32LD0/PCGAPC1.CntVal1.actVal:BCR,"""2025-04-25T09:49:42.100Z"""
323811,EK1_A32LD0/PCGAPC1.CntVal1.actVal:BCR,"""2025-04-25T09:49:47.105Z"""
323811,EK1_A32LD0/PCGAPC1.CntVal1.actVal:BCR,"""2025-04-25T09:49:51.662Z"""
323812,EK1_A32LD0/PCGAPC1.CntVal1.actVal:BCR,"""2025-04-25T09:49:52.110Z"""
323813,EK1_A32LD0/PCGAPC1.CntVal1.actVal:BCR,"""2025-04-25T09:49:57.115Z"""
323814,EK1_A32LD0/PCGAPC1.CntVal1.actVal:BCR,"""2025-04-25T09:50:02.120Z"""
323815,EK1_A32LD0/PCGAPC1.CntVal1.actVal:BCR,"""2025-04-25T09:50:07.125Z"""
323816,EK1_A32LD0/PCGAPC1.CntVal1.actVal:BCR,"""2025-04-25T09:50:12.130Z"""
323817,EK1_A32LD0/PCGAPC1.CntVal1.actVal:BCR,"""2025-04-25T09:50:17.135Z"""
323818,EK1_A32LD0/PCGAPC1.CntVal1.actVal:BCR,"""2025-04-25T09:50:22.140Z"""
323819,EK1_A32LD0/PCGAPC1.CntVal1.actVal:BCR,"""2025-04-25T09:50:27.145Z"""
323820,EK1_A32LD0/PCGAPC1.CntVal1.actVal:BCR,"""2025-04-25T09:50:32.150Z"""
323821,EK1_A32LD0/PCGAPC1.CntVal1.actVal:BCR,"""2025-04-25T09:50:37.155Z"""
323822,EK1_A32LD0/PCGAPC1.CntVal1.actVal:BCR,"""2025-04-25T09:50:42.160Z"""
323823,EK1_A32LD0/PCGAPC1.CntVal1.actVal:BCR,"""2025-04-25T09:50:47.165Z"""
323823,EK1_A32LD0/PCGAPC1.CntVal1.actVal:BCR,"""2025-04-25T09:50:51.662Z"""
323824,EK1_A32LD0/PCGAPC1.CntVal1.actVal:BCR,"""2025-04-25T09:50:52.170Z"""
323825,EK1_A32LD0/PCGAPC1.CntVal1.actVal:BCR,"""2025-04-25T09:50:57.175Z"""
323826,EK1_A32LD0/PCGAPC1.CntVal1.actVal:BCR,"""2025-04-25T09:51:02.180Z"""
323827,EK1_A32LD0/PCGAPC1.CntVal1.actVal:BCR,"""2025-04-25T09:51:07.185Z"""
323828,EK1_A32LD0/PCGAPC1.CntVal1.actVal:BCR,"""2025-04-25T09:51:12.190Z"""
323829,EK1_A32LD0/PCGAPC1.CntVal1.actVal:BCR,"""2025-04-25T09:51:17.195Z"""
323830,EK1_A32LD0/PCGAPC1.CntVal1.actVal:BCR,"""2025-04-25T09:51:22.200Z"""
323831,EK1_A32LD0/PCGAPC1.CntVal1.actVal:BCR,"""2025-04-25T09:51:27.205Z"""
323832,EK1_A32LD0/PCGAPC1.CntVal1.actVal:BCR,"""2025-04-25T09:51:32.210Z"""
323833,EK1_A32LD0/PCGAPC1.CntVal1.actVal:BCR,"""2025-04-25T09:51:37.215Z"""
323834,EK1_A32LD0/PCGAPC1.CntVal1.actVal:BCR,"""2025-04-25T09:51:42.220Z"""
323835,EK1_A32LD0/PCGAPC1.CntVal1.actVal:BCR,"""2025-04-25T09:51:47.225Z"""
323835,EK1_A32LD0/PCGAPC1.CntVal1.actVal:BCR,"""2025-04-25T09:51:51.662Z"""
323836,EK1_A32LD0/PCGAPC1.CntVal1.actVal:BCR,"""2025-04-25T09:51:52.230Z"""
323837,EK1_A32LD0/PCGAPC1.CntVal1.actVal:BCR,"""2025-04-25T09:51:57.235Z"""
323838,EK1_A32LD0/PCGAPC1.CntVal1.actVal:BCR,"""2025-04-25T09:52:02.240Z"""
323839,EK1_A32LD0/PCGAPC1.CntVal1.actVal:BCR,"""2025-04-25T09:52:07.245Z"""
323840,EK1_A32LD0/PCGAPC1.CntVal1.actVal:BCR,"""2025-04-25T09:52:12.250Z"""
323841,EK1_A32LD0/PCGAPC1.CntVal1.actVal:BCR,"""2025-04-25T09:52:17.255Z"""
323842,EK1_A32LD0/PCGAPC1.CntVal1.actVal:BCR,"""2025-04-25T09:52:22.260Z"""
323843,EK1_A32LD0/PCGAPC1.CntVal1.actVal:BCR,"""2025-04-25T09:52:27.265Z"""
323844,EK1_A32LD0/PCGAPC1.CntVal1.actVal:BCR,"""2025-04-25T09:52:32.270Z"""
323845,EK1_A32LD0/PCGAPC1.CntVal1.actVal:BCR,"""2025-04-25T09:52:37.275Z"""
323846,EK1_A32LD0/PCGAPC1.CntVal1.actVal:BCR,"""2025-04-25T09:52:42.280Z"""
323847,EK1_A32LD0/PCGAPC1.CntVal1.actVal:BCR,"""2025-04-25T09:52:47.285Z"""
323847,EK1_A32LD0/PCGAPC1.CntVal1.actVal:BCR,"""2025-04-25T09:52:51.662Z"""
323848,EK1_A32LD0/PCGAPC1.CntVal1.actVal:BCR,"""2025-04-25T09:52:52.290Z"""
323849,EK1_A32LD0/PCGAPC1.CntVal1.actVal:BCR,"""2025-04-25T09:52:57.295Z"""
323850,EK1_A32LD0/PCGAPC1.CntVal1.actVal:BCR,"""2025-04-25T09:53:02.300Z"""
323851,EK1_A32LD0/PCGAPC1.CntVal1.actVal:BCR,"""2025-04-25T09:53:07.305Z"""
323852,EK1_A32LD0/PCGAPC1.CntVal1.actVal:BCR,"""2025-04-25T09:53:12.310Z"""
323853,EK1_A32LD0/PCGAPC1.CntVal1.actVal:BCR,"""2025-04-25T09:53:17.315Z"""
323854,EK1_A32LD0/PCGAPC1.CntVal1.actVal:BCR,"""2025-04-25T09:53:22.320Z"""
323855,EK1_A32LD0/PCGAPC1.CntVal1.actVal:BCR,"""2025-04-25T09:53:27.325Z"""
323856,EK1_A32LD0/PCGAPC1.CntVal1.actVal:BCR,"""2025-04-25T09:53:32.330Z"""
323857,EK1_A32LD0/PCGAPC1.CntVal1.actVal:BCR,"""2025-04-25T09:53:37.335Z"""
323858,EK1_A32LD0/PCGAPC1.CntVal1.actVal:BCR,"""2025-04-25T09:53:42.340Z"""
323859,EK1_A32LD0/PCGAPC1.CntVal1.actVal:BCR,"""2025-04-25T09:53:47.345Z"""
323859,EK1_A32LD0/PCGAPC1.CntVal1.actVal:BCR,"""2025-04-25T09:53:51.662Z"""
323860,EK1_A32LD0/PCGAPC1.CntVal1.actVal:BCR,"""2025-04-25T09:53:52.350Z"""
323861,EK1_A32LD0/PCGAPC1.CntVal1.actVal:BCR,"""2025-04-25T09:53:57.355Z"""
323862,EK1_A32LD0/PCGAPC1.CntVal1.actVal:BCR,"""2025-04-25T09:54:02.360Z"""
323863,EK1_A32LD0/PCGAPC1.CntVal1.actVal:BCR,"""2025-04-25T09:54:07.365Z"""
323864,EK1_A32LD0/PCGAPC1.CntVal1.actVal:BCR,"""2025-04-25T09:54:12.370Z"""
323865,EK1_A32LD0/PCGAPC1.CntVal1.actVal:BCR,"""2025-04-25T09:54:17.375Z"""
323866,EK1_A32LD0/PCGAPC1.CntVal1.actVal:BCR,"""2025-04-25T09:54:22.380Z"""
323867,EK1_A32LD0/PCGAPC1.CntVal1.actVal:BCR,"""2025-04-25T09:54:27.385Z"""
323868,EK1_A32LD0/PCGAPC1.CntVal1.actVal:BCR,"""2025-04-25T09:54:32.390Z"""
323869,EK1_A32LD0/PCGAPC1.CntVal1.actVal:BCR,"""2025-04-25T09:54:37.395Z"""
323870,EK1_A32LD0/PCGAPC1.CntVal1.actVal:BCR,"""2025-04-25T09:54:42.400Z"""
323871,EK1_A32LD0/PCGAPC1.CntVal1.actVal:BCR,"""2025-04-25T09:54:47.405Z"""
323871,EK1_A32LD0/PCGAPC1.CntVal1.actVal:BCR,"""2025-04-25T09:54:51.662Z"""
323872,EK1_A32LD0/PCGAPC1.CntVal1.actVal:BCR,"""2025-04-25T09:54:52.410Z"""
323873,EK1_A32LD0/PCGAPC1.CntVal1.actVal:BCR,"""2025-04-25T09:54:57.415Z"""
323874,EK1_A32LD0/PCGAPC1.CntVal1.actVal:BCR,"""2025-04-25T09:55:02.420Z"""
323875,EK1_A32LD0/PCGAPC1.CntVal1.actVal:BCR,"""2025-04-25T09:55:07.425Z"""
323876,EK1_A32LD0/PCGAPC1.CntVal1.actVal:BCR,"""2025-04-25T09:55:12.430Z"""
323877,EK1_A32LD0/PCGAPC1.CntVal1.actVal:BCR,"""2025-04-25T09:55:17.435Z"""
323878,EK1_A32LD0/PCGAPC1.CntVal1.actVal:BCR,"""2025-04-25T09:55:22.440Z"""
323879,EK1_A32LD0/PCGAPC1.CntVal1.actVal:BCR,"""2025-04-25T09:55:27.445Z"""
323880,EK1_A32LD0/PCGAPC1.CntVal1.actVal:BCR,"""2025-04-25T09:55:32.450Z"""
323881,EK1_A32LD0/PCGAPC1.CntVal1.actVal:BCR,"""2025-04-25T09:55:37.455Z"""
323882,EK1_A32LD0/PCGAPC1.CntVal1.actVal:BCR,"""2025-04-25T09:55:42.460Z"""
323883,EK1_A32LD0/PCGAPC1.CntVal1.actVal:BCR,"""2025-04-25T09:55:47.465Z"""
323883,EK1_A32LD0/PCGAPC1.CntVal1.actVal:BCR,"""2025-04-25T09:55:51.662Z"""
323884,EK1_A32LD0/PCGAPC1.CntVal1.actVal:BCR,"""2025-04-25T09:55:52.470Z"""
323885,EK1_A32LD0/PCGAPC1.CntVal1.actVal:BCR,"""2025-04-25T09:55:57.475Z"""
323886,EK1_A32LD0/PCGAPC1.CntVal1.actVal:BCR,"""2025-04-25T09:56:02.480Z"""
323887,EK1_A32LD0/PCGAPC1.CntVal1.actVal:BCR,"""2025-04-25T09:56:07.485Z"""
323888,EK1_A32LD0/PCGAPC1.CntVal1.actVal:BCR,"""2025-04-25T09:56:12.490Z"""
323889,EK1_A32LD0/PCGAPC1.CntVal1.actVal:BCR,"""2025-04-25T09:56:17.495Z"""
323890,EK1_A32LD0/PCGAPC1.CntVal1.actVal:BCR,"""2025-04-25T09:56:22.500Z"""
323891,EK1_A32LD0/PCGAPC1.CntVal1.actVal:BCR,"""2025-04-25T09:56:27.505Z"""
323892,EK1_A32LD0/PCGAPC1.CntVal1.actVal:BCR,"""2025-04-25T09:56:32.510Z"""
323893,EK1_A32LD0/PCGAPC1.CntVal1.actVal:BCR,"""2025-04-25T09:56:37.515Z"""
323894,EK1_A32LD0/PCGAPC1.CntVal1.actVal:BCR,"""2025-04-25T09:56:42.520Z"""
323895,EK1_A32LD0/PCGAPC1.CntVal1.actVal:BCR,"""2025-04-25T09:56:47.525Z"""
323895,EK1_A32LD0/PCGAPC1.CntVal1.actVal:BCR,"""2025-04-25T09:56:51.662Z"""
323896,EK1_A32LD0/PCGAPC1.CntVal1.actVal:BCR,"""2025-04-25T09:56:52.530Z"""
323897,EK1_A32LD0/PCGAPC1.CntVal1.actVal:BCR,"""2025-04-25T09:56:57.535Z"""
323898,EK1_A32LD0/PCGAPC1.CntVal1.actVal:BCR,"""2025-04-25T09:57:02.540Z"""
323899,EK1_A32LD0/PCGAPC1.CntVal1.actVal:BCR,"""2025-04-25T09:57:07.545Z"""
323900,EK1_A32LD0/PCGAPC1.CntVal1.actVal:BCR,"""2025-04-25T09:57:12.550Z"""
323901,EK1_A32LD0/PCGAPC1.CntVal1.actVal:BCR,"""2025-04-25T09:57:17.555Z"""
323902,EK1_A32LD0/PCGAPC1.CntVal1.actVal:BCR,"""2025-04-25T09:57:22.560Z"""
323903,EK1_A32LD0/PCGAPC1.CntVal1.actVal:BCR,"""2025-04-25T09:57:27.565Z"""
323904,EK1_A32LD0/PCGAPC1.CntVal1.actVal:BCR,"""2025-04-25T09:57:32.570Z"""
323905,EK1_A32LD0/PCGAPC1.CntVal1.actVal:BCR,"""2025-04-25T09:57:37.575Z"""
323906,EK1_A32LD0/PCGAPC1.CntVal1.actVal:BCR,"""2025-04-25T09:57:42.580Z"""
323907,EK1_A32LD0/PCGAPC1.CntVal1.actVal:BCR,"""2025-04-25T09:57:47.585Z"""
323907,EK1_A32LD0/PCGAPC1.CntVal1.actVal:BCR,"""2025-04-25T09:57:51.662Z"""
323908,EK1_A32LD0/PCGAPC1.CntVal1.actVal:BCR,"""2025-04-25T09:57:52.590Z"""
323909,EK1_A32LD0/PCGAPC1.CntVal1.actVal:BCR,"""2025-04-25T09:57:57.595Z"""
323910,EK1_A32LD0/PCGAPC1.CntVal1.actVal:BCR,"""2025-04-25T09:58:02.600Z"""
323911,EK1_A32LD0/PCGAPC1.CntVal1.actVal:BCR,"""2025-04-25T09:58:07.605Z"""
323912,EK1_A32LD0/PCGAPC1.CntVal1.actVal:BCR,"""2025-04-25T09:58:12.610Z"""
323913,EK1_A32LD0/PCGAPC1.CntVal1.actVal:BCR,"""2025-04-25T09:58:17.615Z"""
323914,EK1_A32LD0/PCGAPC1.CntVal1.actVal:BCR,"""2025-04-25T09:58:22.620Z"""
323915,EK1_A32LD0/PCGAPC1.CntVal1.actVal:BCR,"""2025-04-25T09:58:27.625Z"""
323916,EK1_A32LD0/PCGAPC1.CntVal1.actVal:BCR,"""2025-04-25T09:58:32.630Z"""
323917,EK1_A32LD0/PCGAPC1.CntVal1.actVal:BCR,"""2025-04-25T09:58:37.635Z"""
323918,EK1_A32LD0/PCGAPC1.CntVal1.actVal:BCR,"""2025-04-25T09:58:42.640Z"""
323919,EK1_A32LD0/PCGAPC1.CntVal1.actVal:BCR,"""2025-04-25T09:58:47.645Z"""
323919,EK1_A32LD0/PCGAPC1.CntVal1.actVal:BCR,"""2025-04-25T09:58:51.662Z"""
323920,EK1_A32LD0/PCGAPC1.CntVal1.actVal:BCR,"""2025-04-25T09:58:52.650Z"""
323921,EK1_A32LD0/PCGAPC1.CntVal1.actVal:BCR,"""2025-04-25T09:58:57.655Z"""
323922,EK1_A32LD0/PCGAPC1.CntVal1.actVal:BCR,"""2025-04-25T09:59:02.660Z"""
323923,EK1_A32LD0/PCGAPC1.CntVal1.actVal:BCR,"""2025-04-25T09:59:07.665Z"""
323924,EK1_A32LD0/PCGAPC1.CntVal1.actVal:BCR,"""2025-04-25T09:59:12.670Z"""
323925,EK1_A32LD0/PCGAPC1.CntVal1.actVal:BCR,"""2025-04-25T09:59:17.675Z"""
323926,EK1_A32LD0/PCGAPC1.CntVal1.actVal:BCR,"""2025-04-25T09:59:22.680Z"""
323927,EK1_A32LD0/PCGAPC1.CntVal1.actVal:BCR,"""2025-04-25T09:59:27.685Z"""
323928,EK1_A32LD0/PCGAPC1.CntVal1.actVal:BCR,"""2025-04-25T09:59:32.690Z"""
323929,EK1_A32LD0/PCGAPC1.CntVal1.actVal:BCR,"""2025-04-25T09:59:37.695Z"""
323930,EK1_A32LD0/PCGAPC1.CntVal1.actVal:BCR,"""2025-04-25T09:59:42.700Z"""
323931,EK1_A32LD0/PCGAPC1.CntVal1.actVal:BCR,"""2025-04-25T09:59:47.705Z"""
323931,EK1_A32LD0/PCGAPC1.CntVal1.actVal:BCR,"""2025-04-25T09:59:51.662Z"""
323932,EK1_A32LD0/PCGAPC1.CntVal1.actVal:BCR,"""2025-04-25T09:59:52.710Z"""
323933,EK1_A32LD0/PCGAPC1.CntVal1.actVal:BCR,"""2025-04-25T09:59:57.715Z"""
323934,EK1_A32LD0/PCGAPC1.CntVal1.actVal:BCR,"""2025-04-25T10:00:02.720Z"""
323935,EK1_A32LD0/PCGAPC1.CntVal1.actVal:BCR,"""2025-04-25T10:00:07.725Z"""
323936,EK1_A32LD0/PCGAPC1.CntVal1.actVal:BCR,"""2025-04-25T10:00:12.730Z"""
323937,EK1_A32LD0/PCGAPC1.CntVal1.actVal:BCR,"""2025-04-25T10:00:17.735Z"""
323938,EK1_A32LD0/PCGAPC1.CntVal1.actVal:BCR,"""2025-04-25T10:00:22.740Z"""
323939,EK1_A32LD0/PCGAPC1.CntVal1.actVal:BCR,"""2025-04-25T10:00:27.745Z"""
323940,EK1_A32LD0/PCGAPC1.CntVal1.actVal:BCR,"""2025-04-25T10:00:32.750Z"""
323941,EK1_A32LD0/PCGAPC1.CntVal1.actVal:BCR,"""2025-04-25T10:00:37.755Z"""
323942,EK1_A32LD0/PCGAPC1.CntVal1.actVal:BCR,"""2025-04-25T10:00:42.760Z"""
323943,EK1_A32LD0/PCGAPC1.CntVal1.actVal:BCR,"""2025-04-25T10:00:47.765Z"""
323943,EK1_A32LD0/PCGAPC1.CntVal1.actVal:BCR,"""2025-04-25T10:00:51.662Z"""
323944,EK1_A32LD0/PCGAPC1.CntVal1.actVal:BCR,"""2025-04-25T10:00:52.770Z"""
323945,EK1_A32LD0/PCGAPC1.CntVal1.actVal:BCR,"""2025-04-25T10:00:57.775Z"""
323946,EK1_A32LD0/PCGAPC1.CntVal1.actVal:BCR,"""2025-04-25T10:01:02.780Z"""
323947,EK1_A32LD0/PCGAPC1.CntVal1.actVal:BCR,"""2025-04-25T10:01:07.785Z"""
323948,EK1_A32LD0/PCGAPC1.CntVal1.actVal:BCR,"""2025-04-25T10:01:12.790Z"""
323949,EK1_A32LD0/PCGAPC1.CntVal1.actVal:BCR,"""2025-04-25T10:01:17.795Z"""
323950,EK1_A32LD0/PCGAPC1.CntVal1.actVal:BCR,"""2025-04-25T10:01:22.800Z"""
323951,EK1_A32LD0/PCGAPC1.CntVal1.actVal:BCR,"""2025-04-25T10:01:27.805Z"""
323952,EK1_A32LD0/PCGAPC1.CntVal1.actVal:BCR,"""2025-04-25T10:01:32.810Z"""
323953,EK1_A32LD0/PCGAPC1.CntVal1.actVal:BCR,"""2025-04-25T10:01:37.815Z"""
323954,EK1_A32LD0/PCGAPC1.CntVal1.actVal:BCR,"""2025-04-25T10:01:42.820Z"""
323955,EK1_A32LD0/PCGAPC1.CntVal1.actVal:BCR,"""2025-04-25T10:01:47.825Z"""
323955,EK1_A32LD0/PCGAPC1.CntVal1.actVal:BCR,"""2025-04-25T10:01:51.662Z"""
323956,EK1_A32LD0/PCGAPC1.CntVal1.actVal:BCR,"""2025-04-25T10:01:52.830Z"""
323957,EK1_A32LD0/PCGAPC1.CntVal1.actVal:BCR,"""2025-04-25T10:01:57.835Z"""
323958,EK1_A32LD0/PCGAPC1.CntVal1.actVal:BCR,"""2025-04-25T10:02:02.840Z"""
323959,EK1_A32LD0/PCGAPC1.CntVal1.actVal:BCR,"""2025-04-25T10:02:07.845Z"""
323960,EK1_A32LD0/PCGAPC1.CntVal1.actVal:BCR,"""2025-04-25T10:02:12.850Z"""
323961,EK1_A32LD0/PCGAPC1.CntVal1.actVal:BCR,"""2025-04-25T10:02:17.855Z"""
323962,EK1_A32LD0/PCGAPC1.CntVal1.actVal:BCR,"""2025-04-25T10:02:22.860Z"""
323963,EK1_A32LD0/PCGAPC1.CntVal1.actVal:BCR,"""2025-04-25T10:02:27.865Z"""
323964,EK1_A32LD0/PCGAPC1.CntVal1.actVal:BCR,"""2025-04-25T10:02:32.870Z"""
323965,EK1_A32LD0/PCGAPC1.CntVal1.actVal:BCR,"""2025-04-25T10:02:37.875Z"""
323966,EK1_A32LD0/PCGAPC1.CntVal1.actVal:BCR,"""2025-04-25T10:02:42.880Z"""
323967,EK1_A32LD0/PCGAPC1.CntVal1.actVal:BCR,"""2025-04-25T10:02:47.885Z"""
323967,EK1_A32LD0/PCGAPC1.CntVal1.actVal:BCR,"""2025-04-25T10:02:51.662Z"""
323968,EK1_A32LD0/PCGAPC1.CntVal1.actVal:BCR,"""2025-04-25T10:02:52.890Z"""
323969,EK1_A32LD0/PCGAPC1.CntVal1.actVal:BCR,"""2025-04-25T10:02:57.895Z"""
323970,EK1_A32LD0/PCGAPC1.CntVal1.actVal:BCR,"""2025-04-25T10:03:02.900Z"""
323971,EK1_A32LD0/PCGAPC1.CntVal1.actVal:BCR,"""2025-04-25T10:03:07.905Z"""
323972,EK1_A32LD0/PCGAPC1.CntVal1.actVal:BCR,"""2025-04-25T10:03:12.910Z"""
323973,EK1_A32LD0/PCGAPC1.CntVal1.actVal:BCR,"""2025-04-25T10:03:17.915Z"""
323974,EK1_A32LD0/PCGAPC1.CntVal1.actVal:BCR,"""2025-04-25T10:03:22.920Z"""
323975,EK1_A32LD0/PCGAPC1.CntVal1.actVal:BCR,"""2025-04-25T10:03:27.925Z"""
323976,EK1_A32LD0/PCGAPC1.CntVal1.actVal:BCR,"""2025-04-25T10:03:32.930Z"""
323977,EK1_A32LD0/PCGAPC1.CntVal1.actVal:BCR,"""2025-04-25T10:03:37.935Z"""
323978,EK1_A32LD0/PCGAPC1.CntVal1.actVal:BCR,"""2025-04-25T10:03:42.940Z"""
323979,EK1_A32LD0/PCGAPC1.CntVal1.actVal:BCR,"""2025-04-25T10:03:47.945Z"""
323979,EK1_A32LD0/PCGAPC1.CntVal1.actVal:BCR,"""2025-04-25T10:03:51.662Z"""
323980,EK1_A32LD0/PCGAPC1.CntVal1.actVal:BCR,"""2025-04-25T10:03:52.950Z"""
323981,EK1_A32LD0/PCGAPC1.CntVal1.actVal:BCR,"""2025-04-25T10:03:57.955Z"""
323982,EK1_A32LD0/PCGAPC1.CntVal1.actVal:BCR,"""2025-04-25T10:04:02.960Z"""
323983,EK1_A32LD0/PCGAPC1.CntVal1.actVal:BCR,"""2025-04-25T10:04:07.965Z"""
323984,EK1_A32LD0/PCGAPC1.CntVal1.actVal:BCR,"""2025-04-25T10:04:12.970Z"""
323985,EK1_A32LD0/PCGAPC1.CntVal1.actVal:BCR,"""2025-04-25T10:04:17.975Z"""
323986,EK1_A32LD0/PCGAPC1.CntVal1.actVal:BCR,"""2025-04-25T10:04:22.980Z"""
323987,EK1_A32LD0/PCGAPC1.CntVal1.actVal:BCR,"""2025-04-25T10:04:27.985Z"""
323988,EK1_A32LD0/PCGAPC1.CntVal1.actVal:BCR,"""2025-04-25T10:04:32.990Z"""
323989,EK1_A32LD0/PCGAPC1.CntVal1.actVal:BCR,"""2025-04-25T10:04:37.995Z"""
323990,EK1_A32LD0/PCGAPC1.CntVal1.actVal:BCR,"""2025-04-25T10:04:43.000Z"""
323991,EK1_A32LD0/PCGAPC1.CntVal1.actVal:BCR,"""2025-04-25T10:04:48.005Z"""
323991,EK1_A32LD0/PCGAPC1.CntVal1.actVal:BCR,"""2025-04-25T10:04:51.662Z"""
323992,EK1_A32LD0/PCGAPC1.CntVal1.actVal:BCR,"""2025-04-25T10:04:53.010Z"""
323993,EK1_A32LD0/PCGAPC1.CntVal1.actVal:BCR,"""2025-04-25T10:04:58.015Z"""
323994,EK1_A32LD0/PCGAPC1.CntVal1.actVal:BCR,"""2025-04-25T10:05:03.020Z"""
323995,EK1_A32LD0/PCGAPC1.CntVal1.actVal:BCR,"""2025-04-25T10:05:08.025Z"""
323996,EK1_A32LD0/PCGAPC1.CntVal1.actVal:BCR,"""2025-04-25T10:05:13.030Z"""
323997,EK1_A32LD0/PCGAPC1.CntVal1.actVal:BCR,"""2025-04-25T10:05:18.035Z"""
323998,EK1_A32LD0/PCGAPC1.CntVal1.actVal:BCR,"""2025-04-25T10:05:23.040Z"""
323999,EK1_A32LD0/PCGAPC1.CntVal1.actVal:BCR,"""2025-04-25T10:05:28.045Z"""
324000,EK1_A32LD0/PCGAPC1.CntVal1.actVal:BCR,"""2025-04-25T10:05:33.050Z"""
324001,EK1_A32LD0/PCGAPC1.CntVal1.actVal:BCR,"""2025-04-25T10:05:38.055Z"""
324002,EK1_A32LD0/PCGAPC1.CntVal1.actVal:BCR,"""2025-04-25T10:05:43.060Z"""
324003,EK1_A32LD0/PCGAPC1.CntVal1.actVal:BCR,"""2025-04-25T10:05:48.065Z"""
324003,EK1_A32LD0/PCGAPC1.CntVal1.actVal:BCR,"""2025-04-25T10:05:51.662Z"""
324004,EK1_A32LD0/PCGAPC1.CntVal1.actVal:BCR,"""2025-04-25T10:05:53.070Z"""
324005,EK1_A32LD0/PCGAPC1.CntVal1.actVal:BCR,"""2025-04-25T10:05:58.075Z"""
324006,EK1_A32LD0/PCGAPC1.CntVal1.actVal:BCR,"""2025-04-25T10:06:03.080Z"""
324007,EK1_A32LD0/PCGAPC1.CntVal1.actVal:BCR,"""2025-04-25T10:06:08.085Z"""
324008,EK1_A32LD0/PCGAPC1.CntVal1.actVal:BCR,"""2025-04-25T10:06:13.090Z"""
324009,EK1_A32LD0/PCGAPC1.CntVal1.actVal:BCR,"""2025-04-25T10:06:18.095Z"""
324010,EK1_A32LD0/PCGAPC1.CntVal1.actVal:BCR,"""2025-04-25T10:06:23.100Z"""
324011,EK1_A32LD0/PCGAPC1.CntVal1.actVal:BCR,"""2025-04-25T10:06:28.105Z"""
324012,EK1_A32LD0/PCGAPC1.CntVal1.actVal:BCR,"""2025-04-25T10:06:33.110Z"""
324013,EK1_A32LD0/PCGAPC1.CntVal1.actVal:BCR,"""2025-04-25T10:06:38.115Z"""
324014,EK1_A32LD0/PCGAPC1.CntVal1.actVal:BCR,"""2025-04-25T10:06:43.120Z"""
324015,EK1_A32LD0/PCGAPC1.CntVal1.actVal:BCR,"""2025-04-25T10:06:48.125Z"""
324015,EK1_A32LD0/PCGAPC1.CntVal1.actVal:BCR,"""2025-04-25T10:06:51.662Z"""
324016,EK1_A32LD0/PCGAPC1.CntVal1.actVal:BCR,"""2025-04-25T10:06:53.130Z"""
324017,EK1_A32LD0/PCGAPC1.CntVal1.actVal:BCR,"""2025-04-25T10:06:58.135Z"""
324018,EK1_A32LD0/PCGAPC1.CntVal1.actVal:BCR,"""2025-04-25T10:07:03.140Z"""
324019,EK1_A32LD0/PCGAPC1.CntVal1.actVal:BCR,"""2025-04-25T10:07:08.145Z"""
324020,EK1_A32LD0/PCGAPC1.CntVal1.actVal:BCR,"""2025-04-25T10:07:13.150Z"""
324021,EK1_A32LD0/PCGAPC1.CntVal1.actVal:BCR,"""2025-04-25T10:07:18.155Z"""
324022,EK1_A32LD0/PCGAPC1.CntVal1.actVal:BCR,"""2025-04-25T10:07:23.160Z"""
324023,EK1_A32LD0/PCGAPC1.CntVal1.actVal:BCR,"""2025-04-25T10:07:28.165Z"""
324024,EK1_A32LD0/PCGAPC1.CntVal1.actVal:BCR,"""2025-04-25T10:07:33.170Z"""
324025,EK1_A32LD0/PCGAPC1.CntVal1.actVal:BCR,"""2025-04-25T10:07:38.175Z"""
324026,EK1_A32LD0/PCGAPC1.CntVal1.actVal:BCR,"""2025-04-25T10:07:43.180Z"""
324027,EK1_A32LD0/PCGAPC1.CntVal1.actVal:BCR,"""2025-04-25T10:07:48.185Z"""
324027,EK1_A32LD0/PCGAPC1.CntVal1.actVal:BCR,"""2025-04-25T10:07:51.662Z"""
324028,EK1_A32LD0/PCGAPC1.CntVal1.actVal:BCR,"""2025-04-25T10:07:53.190Z"""
324029,EK1_A32LD0/PCGAPC1.CntVal1.actVal:BCR,"""2025-04-25T10:07:58.195Z"""
324030,EK1_A32LD0/PCGAPC1.CntVal1.actVal:BCR,"""2025-04-25T10:08:03.200Z"""
324031,EK1_A32LD0/PCGAPC1.CntVal1.actVal:BCR,"""2025-04-25T10:08:08.205Z"""
324032,EK1_A32LD0/PCGAPC1.CntVal1.actVal:BCR,"""2025-04-25T10:08:13.210Z"""
324033,EK1_A32LD0/PCGAPC1.CntVal1.actVal:BCR,"""2025-04-25T10:08:18.215Z"""
324034,EK1_A32LD0/PCGAPC1.CntVal1.actVal:BCR,"""2025-04-25T10:08:23.220Z"""
324035,EK1_A32LD0/PCGAPC1.CntVal1.actVal:BCR,"""2025-04-25T10:08:28.225Z"""
324036,EK1_A32LD0/PCGAPC1.CntVal1.actVal:BCR,"""2025-04-25T10:08:33.230Z"""
324037,EK1_A32LD0/PCGAPC1.CntVal1.actVal:BCR,"""2025-04-25T10:08:38.235Z"""
324038,EK1_A32LD0/PCGAPC1.CntVal1.actVal:BCR,"""2025-04-25T10:08:43.240Z"""
324039,EK1_A32LD0/PCGAPC1.CntVal1.actVal:BCR,"""2025-04-25T10:08:48.245Z"""
324039,EK1_A32LD0/PCGAPC1.CntVal1.actVal:BCR,"""2025-04-25T10:08:51.662Z"""
324040,EK1_A32LD0/PCGAPC1.CntVal1.actVal:BCR,"""2025-04-25T10:08:53.250Z"""
324041,EK1_A32LD0/PCGAPC1.CntVal1.actVal:BCR,"""2025-04-25T10:08:58.255Z"""
324042,EK1_A32LD0/PCGAPC1.CntVal1.actVal:BCR,"""2025-04-25T10:09:03.260Z"""
324043,EK1_A32LD0/PCGAPC1.CntVal1.actVal:BCR,"""2025-04-25T10:09:08.265Z"""
324044,EK1_A32LD0/PCGAPC1.CntVal1.actVal:BCR,"""2025-04-25T10:09:13.270Z"""
324045,EK1_A32LD0/PCGAPC1.CntVal1.actVal:BCR,"""2025-04-25T10:09:18.275Z"""
324046,EK1_A32LD0/PCGAPC1.CntVal1.actVal:BCR,"""2025-04-25T10:09:23.280Z"""
324047,EK1_A32LD0/PCGAPC1.CntVal1.actVal:BCR,"""2025-04-25T10:09:28.285Z"""
324048,EK1_A32LD0/PCGAPC1.CntVal1.actVal:BCR,"""2025-04-25T10:09:33.290Z"""
324049,EK1_A32LD0/PCGAPC1.CntVal1.actVal:BCR,"""2025-04-25T10:09:38.295Z"""
324050,EK1_A32LD0/PCGAPC1.CntVal1.actVal:BCR,"""2025-04-25T10:09:43.300Z"""
324051,EK1_A32LD0/PCGAPC1.CntVal1.actVal:BCR,"""2025-04-25T10:09:48.305Z"""
324051,EK1_A32LD0/PCGAPC1.CntVal1.actVal:BCR,"""2025-04-25T10:09:51.662Z"""
324052,EK1_A32LD0/PCGAPC1.CntVal1.actVal:BCR,"""2025-04-25T10:09:53.310Z"""
324053,EK1_A32LD0/PCGAPC1.CntVal1.actVal:BCR,"""2025-04-25T10:09:58.315Z"""
324054,EK1_A32LD0/PCGAPC1.CntVal1.actVal:BCR,"""2025-04-25T10:10:03.320Z"""
324055,EK1_A32LD0/PCGAPC1.CntVal1.actVal:BCR,"""2025-04-25T10:10:08.325Z"""
324056,EK1_A32LD0/PCGAPC1.CntVal1.actVal:BCR,"""2025-04-25T10:10:13.330Z"""
324057,EK1_A32LD0/PCGAPC1.CntVal1.actVal:BCR,"""2025-04-25T10:10:18.335Z"""
324058,EK1_A32LD0/PCGAPC1.CntVal1.actVal:BCR,"""2025-04-25T10:10:23.340Z"""
324059,EK1_A32LD0/PCGAPC1.CntVal1.actVal:BCR,"""2025-04-25T10:10:28.345Z"""
324060,EK1_A32LD0/PCGAPC1.CntVal1.actVal:BCR,"""2025-04-25T10:10:33.350Z"""
324061,EK1_A32LD0/PCGAPC1.CntVal1.actVal:BCR,"""2025-04-25T10:10:38.355Z"""
324062,EK1_A32LD0/PCGAPC1.CntVal1.actVal:BCR,"""2025-04-25T10:10:43.360Z"""
324063,EK1_A32LD0/PCGAPC1.CntVal1.actVal:BCR,"""2025-04-25T10:10:48.365Z"""
324063,EK1_A32LD0/PCGAPC1.CntVal1.actVal:BCR,"""2025-04-25T10:10:51.662Z"""
324064,EK1_A32LD0/PCGAPC1.CntVal1.actVal:BCR,"""2025-04-25T10:10:53.370Z"""
324065,EK1_A32LD0/PCGAPC1.CntVal1.actVal:BCR,"""2025-04-25T10:10:58.375Z"""
324066,EK1_A32LD0/PCGAPC1.CntVal1.actVal:BCR,"""2025-04-25T10:11:03.380Z"""
324067,EK1_A32LD0/PCGAPC1.CntVal1.actVal:BCR,"""2025-04-25T10:11:08.385Z"""
324068,EK1_A32LD0/PCGAPC1.CntVal1.actVal:BCR,"""2025-04-25T10:11:13.390Z"""
324069,EK1_A32LD0/PCGAPC1.CntVal1.actVal:BCR,"""2025-04-25T10:11:18.395Z"""
324070,EK1_A32LD0/PCGAPC1.CntVal1.actVal:BCR,"""2025-04-25T10:11:23.400Z"""
324071,EK1_A32LD0/PCGAPC1.CntVal1.actVal:BCR,"""2025-04-25T10:11:28.405Z"""
324072,EK1_A32LD0/PCGAPC1.CntVal1.actVal:BCR,"""2025-04-25T10:11:33.410Z"""
324073,EK1_A32LD0/PCGAPC1.CntVal1.actVal:BCR,"""2025-04-25T10:11:38.415Z"""
324074,EK1_A32LD0/PCGAPC1.CntVal1.actVal:BCR,"""2025-04-25T10:11:43.420Z"""
324075,EK1_A32LD0/PCGAPC1.CntVal1.actVal:BCR,"""2025-04-25T10:11:48.425Z"""
324075,EK1_A32LD0/PCGAPC1.CntVal1.actVal:BCR,"""2025-04-25T10:11:51.662Z"""
324076,EK1_A32LD0/PCGAPC1.CntVal1.actVal:BCR,"""2025-04-25T10:11:53.430Z"""
324077,EK1_A32LD0/PCGAPC1.CntVal1.actVal:BCR,"""2025-04-25T10:11:58.435Z"""
324078,EK1_A32LD0/PCGAPC1.CntVal1.actVal:BCR,"""2025-04-25T10:12:03.440Z"""
324079,EK1_A32LD0/PCGAPC1.CntVal1.actVal:BCR,"""2025-04-25T10:12:08.445Z"""
324080,EK1_A32LD0/PCGAPC1.CntVal1.actVal:BCR,"""2025-04-25T10:12:13.450Z"""
324081,EK1_A32LD0/PCGAPC1.CntVal1.actVal:BCR,"""2025-04-25T10:12:18.455Z"""
324082,EK1_A32LD0/PCGAPC1.CntVal1.actVal:BCR,"""2025-04-25T10:12:23.460Z"""
324083,EK1_A32LD0/PCGAPC1.CntVal1.actVal:BCR,"""2025-04-25T10:12:28.465Z"""
324084,EK1_A32LD0/PCGAPC1.CntVal1.actVal:BCR,"""2025-04-25T10:12:33.470Z"""
324085,EK1_A32LD0/PCGAPC1.CntVal1.actVal:BCR,"""2025-04-25T10:12:38.475Z"""
324086,EK1_A32LD0/PCGAPC1.CntVal1.actVal:BCR,"""2025-04-25T10:12:43.480Z"""
324087,EK1_A32LD0/PCGAPC1.CntVal1.actVal:BCR,"""2025-04-25T10:12:48.485Z"""
324087,EK1_A32LD0/PCGAPC1.CntVal1.actVal:BCR,"""2025-04-25T10:12:51.662Z"""
324088,EK1_A32LD0/PCGAPC1.CntVal1.actVal:BCR,"""2025-04-25T10:12:53.490Z"""
324089,EK1_A32LD0/PCGAPC1.CntVal1.actVal:BCR,"""2025-04-25T10:12:58.495Z"""
324090,EK1_A32LD0/PCGAPC1.CntVal1.actVal:BCR,"""2025-04-25T10:13:03.500Z"""
324091,EK1_A32LD0/PCGAPC1.CntVal1.actVal:BCR,"""2025-04-25T10:13:08.505Z"""
324092,EK1_A32LD0/PCGAPC1.CntVal1.actVal:BCR,"""2025-04-25T10:13:13.510Z"""
324093,EK1_A32LD0/PCGAPC1.CntVal1.actVal:BCR,"""2025-04-25T10:13:18.515Z"""
324094,EK1_A32LD0/PCGAPC1.CntVal1.actVal:BCR,"""2025-04-25T10:13:23.520Z"""
324095,EK1_A32LD0/PCGAPC1.CntVal1.actVal:BCR,"""2025-04-25T10:13:28.525Z"""
324096,EK1_A32LD0/PCGAPC1.CntVal1.actVal:BCR,"""2025-04-25T10:13:33.530Z"""
324097,EK1_A32LD0/PCGAPC1.CntVal1.actVal:BCR,"""2025-04-25T10:13:38.535Z"""
324098,EK1_A32LD0/PCGAPC1.CntVal1.actVal:BCR,"""2025-04-25T10:13:43.540Z"""
324099,EK1_A32LD0/PCGAPC1.CntVal1.actVal:BCR,"""2025-04-25T10:13:48.545Z"""
324099,EK1_A32LD0/PCGAPC1.CntVal1.actVal:BCR,"""2025-04-25T10:13:51.662Z"""
324100,EK1_A32LD0/PCGAPC1.CntVal1.actVal:BCR,"""2025-04-25T10:13:53.550Z"""
324101,EK1_A32LD0/PCGAPC1.CntVal1.actVal:BCR,"""2025-04-25T10:13:58.555Z"""
324102,EK1_A32LD0/PCGAPC1.CntVal1.actVal:BCR,"""2025-04-25T10:14:03.560Z"""
324103,EK1_A32LD0/PCGAPC1.CntVal1.actVal:BCR,"""2025-04-25T10:14:08.565Z"""
324104,EK1_A32LD0/PCGAPC1.CntVal1.actVal:BCR,"""2025-04-25T10:14:13.570Z"""
324105,EK1_A32LD0/PCGAPC1.CntVal1.actVal:BCR,"""2025-04-25T10:14:18.575Z"""
324106,EK1_A32LD0/PCGAPC1.CntVal1.actVal:BCR,"""2025-04-25T10:14:23.580Z"""
324107,EK1_A32LD0/PCGAPC1.CntVal1.actVal:BCR,"""2025-04-25T10:14:28.585Z"""
324108,EK1_A32LD0/PCGAPC1.CntVal1.actVal:BCR,"""2025-04-25T10:14:33.590Z"""
324109,EK1_A32LD0/PCGAPC1.CntVal1.actVal:BCR,"""2025-04-25T10:14:38.595Z"""
324110,EK1_A32LD0/PCGAPC1.CntVal1.actVal:BCR,"""2025-04-25T10:14:43.600Z"""
324111,EK1_A32LD0/PCGAPC1.CntVal1.actVal:BCR,"""2025-04-25T10:14:48.605Z"""
324111,EK1_A32LD0/PCGAPC1.CntVal1.actVal:BCR,"""2025-04-25T10:14:51.662Z"""
324112,EK1_A32LD0/PCGAPC1.CntVal1.actVal:BCR,"""2025-04-25T10:14:53.610Z"""
324113,EK1_A32LD0/PCGAPC1.CntVal1.actVal:BCR,"""2025-04-25T10:14:58.615Z"""
324114,EK1_A32LD0/PCGAPC1.CntVal1.actVal:BCR,"""2025-04-25T10:15:03.620Z"""
324115,EK1_A32LD0/PCGAPC1.CntVal1.actVal:BCR,"""2025-04-25T10:15:08.625Z"""
324116,EK1_A32LD0/PCGAPC1.CntVal1.actVal:BCR,"""2025-04-25T10:15:13.630Z"""
324117,EK1_A32LD0/PCGAPC1.CntVal1.actVal:BCR,"""2025-04-25T10:15:18.635Z"""
324118,EK1_A32LD0/PCGAPC1.CntVal1.actVal:BCR,"""2025-04-25T10:15:23.640Z"""
324119,EK1_A32LD0/PCGAPC1.CntVal1.actVal:BCR,"""2025-04-25T10:15:28.645Z"""
324120,EK1_A32LD0/PCGAPC1.CntVal1.actVal:BCR,"""2025-04-25T10:15:33.650Z"""
324121,EK1_A32LD0/PCGAPC1.CntVal1.actVal:BCR,"""2025-04-25T10:15:38.655Z"""
324122,EK1_A32LD0/PCGAPC1.CntVal1.actVal:BCR,"""2025-04-25T10:15:43.660Z"""
324123,EK1_A32LD0/PCGAPC1.CntVal1.actVal:BCR,"""2025-04-25T10:15:48.665Z"""
324123,EK1_A32LD0/PCGAPC1.CntVal1.actVal:BCR,"""2025-04-25T10:15:51.662Z"""
324124,EK1_A32LD0/PCGAPC1.CntVal1.actVal:BCR,"""2025-04-25T10:15:53.670Z"""
324125,EK1_A32LD0/PCGAPC1.CntVal1.actVal:BCR,"""2025-04-25T10:15:58.675Z"""
324126,EK1_A32LD0/PCGAPC1.CntVal1.actVal:BCR,"""2025-04-25T10:16:03.680Z"""
324127,EK1_A32LD0/PCGAPC1.CntVal1.actVal:BCR,"""2025-04-25T10:16:08.685Z"""
324128,EK1_A32LD0/PCGAPC1.CntVal1.actVal:BCR,"""2025-04-25T10:16:13.690Z"""
324129,EK1_A32LD0/PCGAPC1.CntVal1.actVal:BCR,"""2025-04-25T10:16:18.695Z"""
324130,EK1_A32LD0/PCGAPC1.CntVal1.actVal:BCR,"""2025-04-25T10:16:23.700Z"""
324131,EK1_A32LD0/PCGAPC1.CntVal1.actVal:BCR,"""2025-04-25T10:16:28.705Z"""
324132,EK1_A32LD0/PCGAPC1.CntVal1.actVal:BCR,"""2025-04-25T10:16:33.710Z"""
324133,EK1_A32LD0/PCGAPC1.CntVal1.actVal:BCR,"""2025-04-25T10:16:38.715Z"""
324134,EK1_A32LD0/PCGAPC1.CntVal1.actVal:BCR,"""2025-04-25T10:16:43.720Z"""
324135,EK1_A32LD0/PCGAPC1.CntVal1.actVal:BCR,"""2025-04-25T10:16:48.725Z"""
324135,EK1_A32LD0/PCGAPC1.CntVal1.actVal:BCR,"""2025-04-25T10:16:51.662Z"""
324136,EK1_A32LD0/PCGAPC1.CntVal1.actVal:BCR,"""2025-04-25T10:16:53.730Z"""
324137,EK1_A32LD0/PCGAPC1.CntVal1.actVal:BCR,"""2025-04-25T10:16:58.735Z"""
324138,EK1_A32LD0/PCGAPC1.CntVal1.actVal:BCR,"""2025-04-25T10:17:03.740Z"""
324139,EK1_A32LD0/PCGAPC1.CntVal1.actVal:BCR,"""2025-04-25T10:17:08.745Z"""
324140,EK1_A32LD0/PCGAPC1.CntVal1.actVal:BCR,"""2025-04-25T10:17:13.750Z"""
324141,EK1_A32LD0/PCGAPC1.CntVal1.actVal:BCR,"""2025-04-25T10:17:18.755Z"""
324142,EK1_A32LD0/PCGAPC1.CntVal1.actVal:BCR,"""2025-04-25T10:17:23.760Z"""
324143,EK1_A32LD0/PCGAPC1.CntVal1.actVal:BCR,"""2025-04-25T10:17:28.765Z"""
324144,EK1_A32LD0/PCGAPC1.CntVal1.actVal:BCR,"""2025-04-25T10:17:33.770Z"""
324145,EK1_A32LD0/PCGAPC1.CntVal1.actVal:BCR,"""2025-04-25T10:17:38.775Z"""
324146,EK1_A32LD0/PCGAPC1.CntVal1.actVal:BCR,"""2025-04-25T10:17:43.780Z"""
324147,EK1_A32LD0/PCGAPC1.CntVal1.actVal:BCR,"""2025-04-25T10:17:48.785Z"""
324147,EK1_A32LD0/PCGAPC1.CntVal1.actVal:BCR,"""2025-04-25T10:17:51.662Z"""
324148,EK1_A32LD0/PCGAPC1.CntVal1.actVal:BCR,"""2025-04-25T10:17:53.790Z"""
324149,EK1_A32LD0/PCGAPC1.CntVal1.actVal:BCR,"""2025-04-25T10:17:58.795Z"""
324150,EK1_A32LD0/PCGAPC1.CntVal1.actVal:BCR,"""2025-04-25T10:18:03.800Z"""
324151,EK1_A32LD0/PCGAPC1.CntVal1.actVal:BCR,"""2025-04-25T10:18:08.805Z"""
324152,EK1_A32LD0/PCGAPC1.CntVal1.actVal:BCR,"""2025-04-25T10:18:13.810Z"""
324153,EK1_A32LD0/PCGAPC1.CntVal1.actVal:BCR,"""2025-04-25T10:18:18.815Z"""
324154,EK1_A32LD0/PCGAPC1.CntVal1.actVal:BCR,"""2025-04-25T10:18:23.820Z"""
324155,EK1_A32LD0/PCGAPC1.CntVal1.actVal:BCR,"""2025-04-25T10:18:28.825Z"""
324156,EK1_A32LD0/PCGAPC1.CntVal1.actVal:BCR,"""2025-04-25T10:18:33.830Z"""
324157,EK1_A32LD0/PCGAPC1.CntVal1.actVal:BCR,"""2025-04-25T10:18:38.835Z"""
324158,EK1_A32LD0/PCGAPC1.CntVal1.actVal:BCR,"""2025-04-25T10:18:43.840Z"""
324159,EK1_A32LD0/PCGAPC1.CntVal1.actVal:BCR,"""2025-04-25T10:18:48.845Z"""
324159,EK1_A32LD0/PCGAPC1.CntVal1.actVal:BCR,"""2025-04-25T10:18:51.662Z"""
324160,EK1_A32LD0/PCGAPC1.CntVal1.actVal:BCR,"""2025-04-25T10:18:53.850Z"""
324161,EK1_A32LD0/PCGAPC1.CntVal1.actVal:BCR,"""2025-04-25T10:18:58.855Z"""
324162,EK1_A32LD0/PCGAPC1.CntVal1.actVal:BCR,"""2025-04-25T10:19:03.860Z"""
324163,EK1_A32LD0/PCGAPC1.CntVal1.actVal:BCR,"""2025-04-25T10:19:08.865Z"""
324164,EK1_A32LD0/PCGAPC1.CntVal1.actVal:BCR,"""2025-04-25T10:19:13.870Z"""
324165,EK1_A32LD0/PCGAPC1.CntVal1.actVal:BCR,"""2025-04-25T10:19:18.875Z"""
324166,EK1_A32LD0/PCGAPC1.CntVal1.actVal:BCR,"""2025-04-25T10:19:23.880Z"""
324167,EK1_A32LD0/PCGAPC1.CntVal1.actVal:BCR,"""2025-04-25T10:19:28.885Z"""
324168,EK1_A32LD0/PCGAPC1.CntVal1.actVal:BCR,"""2025-04-25T10:19:33.890Z"""
324169,EK1_A32LD0/PCGAPC1.CntVal1.actVal:BCR,"""2025-04-25T10:19:38.895Z"""
324170,EK1_A32LD0/PCGAPC1.CntVal1.actVal:BCR,"""2025-04-25T10:19:43.900Z"""
324171,EK1_A32LD0/PCGAPC1.CntVal1.actVal:BCR,"""2025-04-25T10:19:48.905Z"""
324171,EK1_A32LD0/PCGAPC1.CntVal1.actVal:BCR,"""2025-04-25T10:19:51.662Z"""
324172,EK1_A32LD0/PCGAPC1.CntVal1.actVal:BCR,"""2025-04-25T10:19:53.910Z"""
324173,EK1_A32LD0/PCGAPC1.CntVal1.actVal:BCR,"""2025-04-25T10:19:58.915Z"""
324174,EK1_A32LD0/PCGAPC1.CntVal1.actVal:BCR,"""2025-04-25T10:20:03.920Z"""
324175,EK1_A32LD0/PCGAPC1.CntVal1.actVal:BCR,"""2025-04-25T10:20:08.925Z"""
324176,EK1_A32LD0/PCGAPC1.CntVal1.actVal:BCR,"""2025-04-25T10:20:13.930Z"""
324177,EK1_A32LD0/PCGAPC1.CntVal1.actVal:BCR,"""2025-04-25T10:20:18.935Z"""
324178,EK1_A32LD0/PCGAPC1.CntVal1.actVal:BCR,"""2025-04-25T10:20:23.940Z"""
324179,EK1_A32LD0/PCGAPC1.CntVal1.actVal:BCR,"""2025-04-25T10:20:28.945Z"""
324180,EK1_A32LD0/PCGAPC1.CntVal1.actVal:BCR,"""2025-04-25T10:20:33.950Z"""
324181,EK1_A32LD0/PCGAPC1.CntVal1.actVal:BCR,"""2025-04-25T10:20:38.955Z"""
324182,EK1_A32LD0/PCGAPC1.CntVal1.actVal:BCR,"""2025-04-25T10:20:43.960Z"""
324183,EK1_A32LD0/PCGAPC1.CntVal1.actVal:BCR,"""2025-04-25T10:20:48.965Z"""
324183,EK1_A32LD0/PCGAPC1.CntVal1.actVal:BCR,"""2025-04-25T10:20:51.662Z"""
324184,EK1_A32LD0/PCGAPC1.CntVal1.actVal:BCR,"""2025-04-25T10:20:53.970Z"""
324185,EK1_A32LD0/PCGAPC1.CntVal1.actVal:BCR,"""2025-04-25T10:20:58.975Z"""
324186,EK1_A32LD0/PCGAPC1.CntVal1.actVal:BCR,"""2025-04-25T10:21:03.980Z"""
324187,EK1_A32LD0/PCGAPC1.CntVal1.actVal:BCR,"""2025-04-25T10:21:08.985Z"""
324188,EK1_A32LD0/PCGAPC1.CntVal1.actVal:BCR,"""2025-04-25T10:21:13.990Z"""
324189,EK1_A32LD0/PCGAPC1.CntVal1.actVal:BCR,"""2025-04-25T10:21:18.995Z"""
324190,EK1_A32LD0/PCGAPC1.CntVal1.actVal:BCR,"""2025-04-25T10:21:24.000Z"""
324191,EK1_A32LD0/PCGAPC1.CntVal1.actVal:BCR,"""2025-04-25T10:21:29.005Z"""
324192,EK1_A32LD0/PCGAPC1.CntVal1.actVal:BCR,"""2025-04-25T10:21:34.010Z"""
324193,EK1_A32LD0/PCGAPC1.CntVal1.actVal:BCR,"""2025-04-25T10:21:39.015Z"""
324194,EK1_A32LD0/PCGAPC1.CntVal1.actVal:BCR,"""2025-04-25T10:21:44.020Z"""
324195,EK1_A32LD0/PCGAPC1.CntVal1.actVal:BCR,"""2025-04-25T10:21:49.025Z"""
324195,EK1_A32LD0/PCGAPC1.CntVal1.actVal:BCR,"""2025-04-25T10:21:51.662Z"""
324196,EK1_A32LD0/PCGAPC1.CntVal1.actVal:BCR,"""2025-04-25T10:21:54.030Z"""
324197,EK1_A32LD0/PCGAPC1.CntVal1.actVal:BCR,"""2025-04-25T10:21:59.035Z"""
324198,EK1_A32LD0/PCGAPC1.CntVal1.actVal:BCR,"""2025-04-25T10:22:04.040Z"""
324199,EK1_A32LD0/PCGAPC1.CntVal1.actVal:BCR,"""2025-04-25T10:22:09.045Z"""
324200,EK1_A32LD0/PCGAPC1.CntVal1.actVal:BCR,"""2025-04-25T10:22:14.050Z"""
324201,EK1_A32LD0/PCGAPC1.CntVal1.actVal:BCR,"""2025-04-25T10:22:19.055Z"""
324202,EK1_A32LD0/PCGAPC1.CntVal1.actVal:BCR,"""2025-04-25T10:22:24.060Z"""
324203,EK1_A32LD0/PCGAPC1.CntVal1.actVal:BCR,"""2025-04-25T10:22:29.065Z"""
324204,EK1_A32LD0/PCGAPC1.CntVal1.actVal:BCR,"""2025-04-25T10:22:34.070Z"""
324205,EK1_A32LD0/PCGAPC1.CntVal1.actVal:BCR,"""2025-04-25T10:22:39.075Z"""
324206,EK1_A32LD0/PCGAPC1.CntVal1.actVal:BCR,"""2025-04-25T10:22:44.080Z"""
324207,EK1_A32LD0/PCGAPC1.CntVal1.actVal:BCR,"""2025-04-25T10:22:49.085Z"""
324207,EK1_A32LD0/PCGAPC1.CntVal1.actVal:BCR,"""2025-04-25T10:22:51.662Z"""
324208,EK1_A32LD0/PCGAPC1.CntVal1.actVal:BCR,"""2025-04-25T10:22:54.090Z"""
324209,EK1_A32LD0/PCGAPC1.CntVal1.actVal:BCR,"""2025-04-25T10:22:59.095Z"""
324210,EK1_A32LD0/PCGAPC1.CntVal1.actVal:BCR,"""2025-04-25T10:23:04.100Z"""
324211,EK1_A32LD0/PCGAPC1.CntVal1.actVal:BCR,"""2025-04-25T10:23:09.105Z"""
324212,EK1_A32LD0/PCGAPC1.CntVal1.actVal:BCR,"""2025-04-25T10:23:14.110Z"""
324213,EK1_A32LD0/PCGAPC1.CntVal1.actVal:BCR,"""2025-04-25T10:23:19.115Z"""
324214,EK1_A32LD0/PCGAPC1.CntVal1.actVal:BCR,"""2025-04-25T10:23:24.120Z"""
324215,EK1_A32LD0/PCGAPC1.CntVal1.actVal:BCR,"""2025-04-25T10:23:29.125Z"""
324216,EK1_A32LD0/PCGAPC1.CntVal1.actVal:BCR,"""2025-04-25T10:23:34.130Z"""
324217,EK1_A32LD0/PCGAPC1.CntVal1.actVal:BCR,"""2025-04-25T10:23:39.135Z"""
324218,EK1_A32LD0/PCGAPC1.CntVal1.actVal:BCR,"""2025-04-25T10:23:44.140Z"""
324219,EK1_A32LD0/PCGAPC1.CntVal1.actVal:BCR,"""2025-04-25T10:23:49.145Z"""
324219,EK1_A32LD0/PCGAPC1.CntVal1.actVal:BCR,"""2025-04-25T10:23:51.662Z"""
324220,EK1_A32LD0/PCGAPC1.CntVal1.actVal:BCR,"""2025-04-25T10:23:54.150Z"""
324221,EK1_A32LD0/PCGAPC1.CntVal1.actVal:BCR,"""2025-04-25T10:23:59.155Z"""
324222,EK1_A32LD0/PCGAPC1.CntVal1.actVal:BCR,"""2025-04-25T10:24:04.160Z"""
324223,EK1_A32LD0/PCGAPC1.CntVal1.actVal:BCR,"""2025-04-25T10:24:09.165Z"""
324224,EK1_A32LD0/PCGAPC1.CntVal1.actVal:BCR,"""2025-04-25T10:24:14.170Z"""
324225,EK1_A32LD0/PCGAPC1.CntVal1.actVal:BCR,"""2025-04-25T10:24:19.175Z"""
324226,EK1_A32LD0/PCGAPC1.CntVal1.actVal:BCR,"""2025-04-25T10:24:24.180Z"""
324227,EK1_A32LD0/PCGAPC1.CntVal1.actVal:BCR,"""2025-04-25T10:24:29.185Z"""
324228,EK1_A32LD0/PCGAPC1.CntVal1.actVal:BCR,"""2025-04-25T10:24:34.190Z"""
324229,EK1_A32LD0/PCGAPC1.CntVal1.actVal:BCR,"""2025-04-25T10:24:39.195Z"""
324230,EK1_A32LD0/PCGAPC1.CntVal1.actVal:BCR,"""2025-04-25T10:24:44.200Z"""
324231,EK1_A32LD0/PCGAPC1.CntVal1.actVal:BCR,"""2025-04-25T10:24:49.205Z"""
324231,EK1_A32LD0/PCGAPC1.CntVal1.actVal:BCR,"""2025-04-25T10:24:51.662Z"""
324232,EK1_A32LD0/PCGAPC1.CntVal1.actVal:BCR,"""2025-04-25T10:24:54.210Z"""
324233,EK1_A32LD0/PCGAPC1.CntVal1.actVal:BCR,"""2025-04-25T10:24:59.215Z"""
324234,EK1_A32LD0/PCGAPC1.CntVal1.actVal:BCR,"""2025-04-25T10:25:04.220Z"""
324235,EK1_A32LD0/PCGAPC1.CntVal1.actVal:BCR,"""2025-04-25T10:25:09.225Z"""
324236,EK1_A32LD0/PCGAPC1.CntVal1.actVal:BCR,"""2025-04-25T10:25:14.230Z"""
324237,EK1_A32LD0/PCGAPC1.CntVal1.actVal:BCR,"""2025-04-25T10:25:19.235Z"""
324238,EK1_A32LD0/PCGAPC1.CntVal1.actVal:BCR,"""2025-04-25T10:25:24.240Z"""
324239,EK1_A32LD0/PCGAPC1.CntVal1.actVal:BCR,"""2025-04-25T10:25:29.245Z"""
324240,EK1_A32LD0/PCGAPC1.CntVal1.actVal:BCR,"""2025-04-25T10:25:34.250Z"""
324241,EK1_A32LD0/PCGAPC1.CntVal1.actVal:BCR,"""2025-04-25T10:25:39.255Z"""
324242,EK1_A32LD0/PCGAPC1.CntVal1.actVal:BCR,"""2025-04-25T10:25:44.260Z"""
324243,EK1_A32LD0/PCGAPC1.CntVal1.actVal:BCR,"""2025-04-25T10:25:49.265Z"""
324243,EK1_A32LD0/PCGAPC1.CntVal1.actVal:BCR,"""2025-04-25T10:25:51.662Z"""
324244,EK1_A32LD0/PCGAPC1.CntVal1.actVal:BCR,"""2025-04-25T10:25:54.270Z"""
324245,EK1_A32LD0/PCGAPC1.CntVal1.actVal:BCR,"""2025-04-25T10:25:59.275Z"""
324246,EK1_A32LD0/PCGAPC1.CntVal1.actVal:BCR,"""2025-04-25T10:26:04.280Z"""
324247,EK1_A32LD0/PCGAPC1.CntVal1.actVal:BCR,"""2025-04-25T10:26:09.285Z"""
324248,EK1_A32LD0/PCGAPC1.CntVal1.actVal:BCR,"""2025-04-25T10:26:14.290Z"""
324249,EK1_A32LD0/PCGAPC1.CntVal1.actVal:BCR,"""2025-04-25T10:26:19.295Z"""
324250,EK1_A32LD0/PCGAPC1.CntVal1.actVal:BCR,"""2025-04-25T10:26:24.300Z"""
324251,EK1_A32LD0/PCGAPC1.CntVal1.actVal:BCR,"""2025-04-25T10:26:29.305Z"""
324252,EK1_A32LD0/PCGAPC1.CntVal1.actVal:BCR,"""2025-04-25T10:26:34.310Z"""
324253,EK1_A32LD0/PCGAPC1.CntVal1.actVal:BCR,"""2025-04-25T10:26:39.315Z"""
324254,EK1_A32LD0/PCGAPC1.CntVal1.actVal:BCR,"""2025-04-25T10:26:44.320Z"""
324255,EK1_A32LD0/PCGAPC1.CntVal1.actVal:BCR,"""2025-04-25T10:26:49.325Z"""
324255,EK1_A32LD0/PCGAPC1.CntVal1.actVal:BCR,"""2025-04-25T10:26:51.662Z"""
324256,EK1_A32LD0/PCGAPC1.CntVal1.actVal:BCR,"""2025-04-25T10:26:54.330Z"""
324257,EK1_A32LD0/PCGAPC1.CntVal1.actVal:BCR,"""2025-04-25T10:26:59.335Z"""
324258,EK1_A32LD0/PCGAPC1.CntVal1.actVal:BCR,"""2025-04-25T10:27:04.340Z"""
324259,EK1_A32LD0/PCGAPC1.CntVal1.actVal:BCR,"""2025-04-25T10:27:09.345Z"""
324260,EK1_A32LD0/PCGAPC1.CntVal1.actVal:BCR,"""2025-04-25T10:27:14.350Z"""
324261,EK1_A32LD0/PCGAPC1.CntVal1.actVal:BCR,"""2025-04-25T10:27:19.355Z"""
324262,EK1_A32LD0/PCGAPC1.CntVal1.actVal:BCR,"""2025-04-25T10:27:24.360Z"""
324263,EK1_A32LD0/PCGAPC1.CntVal1.actVal:BCR,"""2025-04-25T10:27:29.365Z"""
324264,EK1_A32LD0/PCGAPC1.CntVal1.actVal:BCR,"""2025-04-25T10:27:34.370Z"""
324265,EK1_A32LD0/PCGAPC1.CntVal1.actVal:BCR,"""2025-04-25T10:27:39.375Z"""
324266,EK1_A32LD0/PCGAPC1.CntVal1.actVal:BCR,"""2025-04-25T10:27:44.380Z"""
324267,EK1_A32LD0/PCGAPC1.CntVal1.actVal:BCR,"""2025-04-25T10:27:49.385Z"""
324267,EK1_A32LD0/PCGAPC1.CntVal1.actVal:BCR,"""2025-04-25T10:27:51.662Z"""
324268,EK1_A32LD0/PCGAPC1.CntVal1.actVal:BCR,"""2025-04-25T10:27:54.390Z"""
324269,EK1_A32LD0/PCGAPC1.CntVal1.actVal:BCR,"""2025-04-25T10:27:59.395Z"""
324270,EK1_A32LD0/PCGAPC1.CntVal1.actVal:BCR,"""2025-04-25T10:28:04.400Z"""
324271,EK1_A32LD0/PCGAPC1.CntVal1.actVal:BCR,"""2025-04-25T10:28:09.405Z"""
324272,EK1_A32LD0/PCGAPC1.CntVal1.actVal:BCR,"""2025-04-25T10:28:14.410Z"""
324273,EK1_A32LD0/PCGAPC1.CntVal1.actVal:BCR,"""2025-04-25T10:28:19.415Z"""
324274,EK1_A32LD0/PCGAPC1.CntVal1.actVal:BCR,"""2025-04-25T10:28:24.420Z"""
324275,EK1_A32LD0/PCGAPC1.CntVal1.actVal:BCR,"""2025-04-25T10:28:29.425Z"""
324276,EK1_A32LD0/PCGAPC1.CntVal1.actVal:BCR,"""2025-04-25T10:28:34.430Z"""
324277,EK1_A32LD0/PCGAPC1.CntVal1.actVal:BCR,"""2025-04-25T10:28:39.435Z"""
324278,EK1_A32LD0/PCGAPC1.CntVal1.actVal:BCR,"""2025-04-25T10:28:44.440Z"""
324279,EK1_A32LD0/PCGAPC1.CntVal1.actVal:BCR,"""2025-04-25T10:28:49.445Z"""
324279,EK1_A32LD0/PCGAPC1.CntVal1.actVal:BCR,"""2025-04-25T10:28:51.662Z"""
324280,EK1_A32LD0/PCGAPC1.CntVal1.actVal:BCR,"""2025-04-25T10:28:54.450Z"""
324281,EK1_A32LD0/PCGAPC1.CntVal1.actVal:BCR,"""2025-04-25T10:28:59.455Z"""
324282,EK1_A32LD0/PCGAPC1.CntVal1.actVal:BCR,"""2025-04-25T10:29:04.460Z"""
324283,EK1_A32LD0/PCGAPC1.CntVal1.actVal:BCR,"""2025-04-25T10:29:09.465Z"""
324284,EK1_A32LD0/PCGAPC1.CntVal1.actVal:BCR,"""2025-04-25T10:29:14.470Z"""
324285,EK1_A32LD0/PCGAPC1.CntVal1.actVal:BCR,"""2025-04-25T10:29:19.475Z"""
324286,EK1_A32LD0/PCGAPC1.CntVal1.actVal:BCR,"""2025-04-25T10:29:24.480Z"""
324287,EK1_A32LD0/PCGAPC1.CntVal1.actVal:BCR,"""2025-04-25T10:29:29.485Z"""
324288,EK1_A32LD0/PCGAPC1.CntVal1.actVal:BCR,"""2025-04-25T10:29:34.490Z"""
324289,EK1_A32LD0/PCGAPC1.CntVal1.actVal:BCR,"""2025-04-25T10:29:39.495Z"""
324290,EK1_A32LD0/PCGAPC1.CntVal1.actVal:BCR,"""2025-04-25T10:29:44.500Z"""
324291,EK1_A32LD0/PCGAPC1.CntVal1.actVal:BCR,"""2025-04-25T10:29:49.505Z"""
324291,EK1_A32LD0/PCGAPC1.CntVal1.actVal:BCR,"""2025-04-25T10:29:51.662Z"""
324292,EK1_A32LD0/PCGAPC1.CntVal1.actVal:BCR,"""2025-04-25T10:29:54.510Z"""
324293,EK1_A32LD0/PCGAPC1.CntVal1.actVal:BCR,"""2025-04-25T10:29:59.515Z"""
324294,EK1_A32LD0/PCGAPC1.CntVal1.actVal:BCR,"""2025-04-25T10:30:04.520Z"""
324295,EK1_A32LD0/PCGAPC1.CntVal1.actVal:BCR,"""2025-04-25T10:30:09.525Z"""
324296,EK1_A32LD0/PCGAPC1.CntVal1.actVal:BCR,"""2025-04-25T10:30:14.530Z"""
324297,EK1_A32LD0/PCGAPC1.CntVal1.actVal:BCR,"""2025-04-25T10:30:19.535Z"""
324298,EK1_A32LD0/PCGAPC1.CntVal1.actVal:BCR,"""2025-04-25T10:30:24.540Z"""
324299,EK1_A32LD0/PCGAPC1.CntVal1.actVal:BCR,"""2025-04-25T10:30:29.545Z"""
324300,EK1_A32LD0/PCGAPC1.CntVal1.actVal:BCR,"""2025-04-25T10:30:34.550Z"""
324301,EK1_A32LD0/PCGAPC1.CntVal1.actVal:BCR,"""2025-04-25T10:30:39.555Z"""
324302,EK1_A32LD0/PCGAPC1.CntVal1.actVal:BCR,"""2025-04-25T10:30:44.560Z"""
324303,EK1_A32LD0/PCGAPC1.CntVal1.actVal:BCR,"""2025-04-25T10:30:49.565Z"""
324303,EK1_A32LD0/PCGAPC1.CntVal1.actVal:BCR,"""2025-04-25T10:30:51.662Z"""
324304,EK1_A32LD0/PCGAPC1.CntVal1.actVal:BCR,"""2025-04-25T10:30:54.570Z"""
324305,EK1_A32LD0/PCGAPC1.CntVal1.actVal:BCR,"""2025-04-25T10:30:59.575Z"""
324306,EK1_A32LD0/PCGAPC1.CntVal1.actVal:BCR,"""2025-04-25T10:31:04.580Z"""
324307,EK1_A32LD0/PCGAPC1.CntVal1.actVal:BCR,"""2025-04-25T10:31:09.585Z"""
324308,EK1_A32LD0/PCGAPC1.CntVal1.actVal:BCR,"""2025-04-25T10:31:14.590Z"""
324309,EK1_A32LD0/PCGAPC1.CntVal1.actVal:BCR,"""2025-04-25T10:31:19.595Z"""
324310,EK1_A32LD0/PCGAPC1.CntVal1.actVal:BCR,"""2025-04-25T10:31:24.600Z"""
324311,EK1_A32LD0/PCGAPC1.CntVal1.actVal:BCR,"""2025-04-25T10:31:29.605Z"""
324312,EK1_A32LD0/PCGAPC1.CntVal1.actVal:BCR,"""2025-04-25T10:31:34.610Z"""
324313,EK1_A32LD0/PCGAPC1.CntVal1.actVal:BCR,"""2025-04-25T10:31:39.615Z"""
324314,EK1_A32LD0/PCGAPC1.CntVal1.actVal:BCR,"""2025-04-25T10:31:44.620Z"""
324315,EK1_A32LD0/PCGAPC1.CntVal1.actVal:BCR,"""2025-04-25T10:31:49.625Z"""
324315,EK1_A32LD0/PCGAPC1.CntVal1.actVal:BCR,"""2025-04-25T10:31:51.662Z"""
324316,EK1_A32LD0/PCGAPC1.CntVal1.actVal:BCR,"""2025-04-25T10:31:54.630Z"""
324317,EK1_A32LD0/PCGAPC1.CntVal1.actVal:BCR,"""2025-04-25T10:31:59.635Z"""
324318,EK1_A32LD0/PCGAPC1.CntVal1.actVal:BCR,"""2025-04-25T10:32:04.640Z"""
324319,EK1_A32LD0/PCGAPC1.CntVal1.actVal:BCR,"""2025-04-25T10:32:09.645Z"""
324320,EK1_A32LD0/PCGAPC1.CntVal1.actVal:BCR,"""2025-04-25T10:32:14.650Z"""
324321,EK1_A32LD0/PCGAPC1.CntVal1.actVal:BCR,"""2025-04-25T10:32:19.655Z"""
324322,EK1_A32LD0/PCGAPC1.CntVal1.actVal:BCR,"""2025-04-25T10:32:24.660Z"""
324323,EK1_A32LD0/PCGAPC1.CntVal1.actVal:BCR,"""2025-04-25T10:32:29.665Z"""
324324,EK1_A32LD0/PCGAPC1.CntVal1.actVal:BCR,"""2025-04-25T10:32:34.670Z"""
324325,EK1_A32LD0/PCGAPC1.CntVal1.actVal:BCR,"""2025-04-25T10:32:39.675Z"""
324326,EK1_A32LD0/PCGAPC1.CntVal1.actVal:BCR,"""2025-04-25T10:32:44.680Z"""
324327,EK1_A32LD0/PCGAPC1.CntVal1.actVal:BCR,"""2025-04-25T10:32:49.685Z"""
324327,EK1_A32LD0/PCGAPC1.CntVal1.actVal:BCR,"""2025-04-25T10:32:51.662Z"""
324328,EK1_A32LD0/PCGAPC1.CntVal1.actVal:BCR,"""2025-04-25T10:32:54.690Z"""
324329,EK1_A32LD0/PCGAPC1.CntVal1.actVal:BCR,"""2025-04-25T10:32:59.695Z"""
324330,EK1_A32LD0/PCGAPC1.CntVal1.actVal:BCR,"""2025-04-25T10:33:04.700Z"""
324331,EK1_A32LD0/PCGAPC1.CntVal1.actVal:BCR,"""2025-04-25T10:33:09.705Z"""
324332,EK1_A32LD0/PCGAPC1.CntVal1.actVal:BCR,"""2025-04-25T10:33:14.710Z"""
324333,EK1_A32LD0/PCGAPC1.CntVal1.actVal:BCR,"""2025-04-25T10:33:19.715Z"""
324334,EK1_A32LD0/PCGAPC1.CntVal1.actVal:BCR,"""2025-04-25T10:33:24.720Z"""
324335,EK1_A32LD0/PCGAPC1.CntVal1.actVal:BCR,"""2025-04-25T10:33:29.725Z"""
324336,EK1_A32LD0/PCGAPC1.CntVal1.actVal:BCR,"""2025-04-25T10:33:34.730Z"""
324337,EK1_A32LD0/PCGAPC1.CntVal1.actVal:BCR,"""2025-04-25T10:33:39.735Z"""
324338,EK1_A32LD0/PCGAPC1.CntVal1.actVal:BCR,"""2025-04-25T10:33:44.740Z"""
324339,EK1_A32LD0/PCGAPC1.CntVal1.actVal:BCR,"""2025-04-25T10:33:49.745Z"""
324339,EK1_A32LD0/PCGAPC1.CntVal1.actVal:BCR,"""2025-04-25T10:33:51.662Z"""
324340,EK1_A32LD0/PCGAPC1.CntVal1.actVal:BCR,"""2025-04-25T10:33:54.750Z"""
324341,EK1_A32LD0/PCGAPC1.CntVal1.actVal:BCR,"""2025-04-25T10:33:59.755Z"""
324345,EK1_A32LD0/PCGAPC1.CntVal1.actVal:BCR,"""2025-04-25T10:34:19.775Z"""
324346,EK1_A32LD0/PCGAPC1.CntVal1.actVal:BCR,"""2025-04-25T10:34:24.780Z"""
324347,EK1_A32LD0/PCGAPC1.CntVal1.actVal:BCR,"""2025-04-25T10:34:29.785Z"""
324348,EK1_A32LD0/PCGAPC1.CntVal1.actVal:BCR,"""2025-04-25T10:34:34.790Z"""
324349,EK1_A32LD0/PCGAPC1.CntVal1.actVal:BCR,"""2025-04-25T10:34:39.795Z"""
324350,EK1_A32LD0/PCGAPC1.CntVal1.actVal:BCR,"""2025-04-25T10:34:44.800Z"""
324351,EK1_A32LD0/PCGAPC1.CntVal1.actVal:BCR,"""2025-04-25T10:34:49.805Z"""
324351,EK1_A32LD0/PCGAPC1.CntVal1.actVal:BCR,"""2025-04-25T10:34:51.662Z"""
324354,EK1_A32LD0/PCGAPC1.CntVal1.actVal:BCR,"""2025-04-25T10:35:04.820Z"""
324355,EK1_A32LD0/PCGAPC1.CntVal1.actVal:BCR,"""2025-04-25T10:35:09.825Z"""
324356,EK1_A32LD0/PCGAPC1.CntVal1.actVal:BCR,"""2025-04-25T10:35:14.830Z"""
324359,EK1_A32LD0/PCGAPC1.CntVal1.actVal:BCR,"""2025-04-25T10:35:29.845Z"""
324360,EK1_A32LD0/PCGAPC1.CntVal1.actVal:BCR,"""2025-04-25T10:35:34.850Z"""
324363,EK1_A32LD0/PCGAPC1.CntVal1.actVal:BCR,"""2025-04-25T10:35:51.662Z"""
324369,EK1_A32LD0/PCGAPC1.CntVal1.actVal:BCR,"""2025-04-25T10:36:19.895Z"""
324370,EK1_A32LD0/PCGAPC1.CntVal1.actVal:BCR,"""2025-04-25T10:36:24.900Z"""
324375,EK1_A32LD0/PCGAPC1.CntVal1.actVal:BCR,"""2025-04-25T10:36:51.662Z"""
324387,EK1_A32LD0/PCGAPC1.CntVal1.actVal:BCR,"""2025-04-25T10:37:51.662Z"""
324390,EK1_A32LD0/PCGAPC1.CntVal1.actVal:BCR,"""2025-04-25T10:38:05.000Z"""
324391,EK1_A32LD0/PCGAPC1.CntVal1.actVal:BCR,"""2025-04-25T10:38:10.005Z"""
324392,EK1_A32LD0/PCGAPC1.CntVal1.actVal:BCR,"""2025-04-25T10:38:15.010Z"""
324399,EK1_A32LD0/PCGAPC1.CntVal1.actVal:BCR,"""2025-04-25T10:38:51.662Z"""
324410,EK1_A32LD0/PCGAPC1.CntVal1.actVal:BCR,"""2025-04-25T10:39:45.100Z"""
324411,EK1_A32LD0/PCGAPC1.CntVal1.actVal:BCR,"""2025-04-25T10:39:50.105Z"""
324411,EK1_A32LD0/PCGAPC1.CntVal1.actVal:BCR,"""2025-04-25T10:39:51.662Z"""
324412,EK1_A32LD0/PCGAPC1.CntVal1.actVal:BCR,"""2025-04-25T10:39:55.110Z"""
324413,EK1_A32LD0/PCGAPC1.CntVal1.actVal:BCR,"""2025-04-25T10:40:00.115Z"""
324414,EK1_A32LD0/PCGAPC1.CntVal1.actVal:BCR,"""2025-04-25T10:40:05.120Z"""
324423,EK1_A32LD0/PCGAPC1.CntVal1.actVal:BCR,"""2025-04-25T10:40:51.662Z"""
324430,EK1_A32LD0/PCGAPC1.CntVal1.actVal:BCR,"""2025-04-25T10:41:25.200Z"""
324431,EK1_A32LD0/PCGAPC1.CntVal1.actVal:BCR,"""2025-04-25T10:41:30.205Z"""
324432,EK1_A32LD0/PCGAPC1.CntVal1.actVal:BCR,"""2025-04-25T10:41:35.210Z"""
324433,EK1_A32LD0/PCGAPC1.CntVal1.actVal:BCR,"""2025-04-25T10:41:40.215Z"""
324434,EK1_A32LD0/PCGAPC1.CntVal1.actVal:BCR,"""2025-04-25T10:41:45.220Z"""
324435,EK1_A32LD0/PCGAPC1.CntVal1.actVal:BCR,"""2025-04-25T10:41:50.225Z"""
324435,EK1_A32LD0/PCGAPC1.CntVal1.actVal:BCR,"""2025-04-25T10:41:51.662Z"""
324436,EK1_A32LD0/PCGAPC1.CntVal1.actVal:BCR,"""2025-04-25T10:41:55.230Z"""
324447,EK1_A32LD0/PCGAPC1.CntVal1.actVal:BCR,"""2025-04-25T10:42:51.662Z"""
324451,EK1_A32LD0/PCGAPC1.CntVal1.actVal:BCR,"""2025-04-25T10:43:10.305Z"""
324452,EK1_A32LD0/PCGAPC1.CntVal1.actVal:BCR,"""2025-04-25T10:43:15.310Z"""
324453,EK1_A32LD0/PCGAPC1.CntVal1.actVal:BCR,"""2025-04-25T10:43:20.315Z"""
324454,EK1_A32LD0/PCGAPC1.CntVal1.actVal:BCR,"""2025-04-25T10:43:25.320Z"""
324455,EK1_A32LD0/PCGAPC1.CntVal1.actVal:BCR,"""2025-04-25T10:43:30.325Z"""
324456,EK1_A32LD0/PCGAPC1.CntVal1.actVal:BCR,"""2025-04-25T10:43:35.330Z"""
324457,EK1_A32LD0/PCGAPC1.CntVal1.actVal:BCR,"""2025-04-25T10:43:40.335Z"""
324458,EK1_A32LD0/PCGAPC1.CntVal1.actVal:BCR,"""2025-04-25T10:43:45.340Z"""
324459,EK1_A32LD0/PCGAPC1.CntVal1.actVal:BCR,"""2025-04-25T10:43:50.345Z"""
324459,EK1_A32LD0/PCGAPC1.CntVal1.actVal:BCR,"""2025-04-25T10:43:51.662Z"""
324471,EK1_A32LD0/PCGAPC1.CntVal1.actVal:BCR,"""2025-04-25T10:44:50.405Z"""
324471,EK1_A32LD0/PCGAPC1.CntVal1.actVal:BCR,"""2025-04-25T10:44:51.662Z"""
324472,EK1_A32LD0/PCGAPC1.CntVal1.actVal:BCR,"""2025-04-25T10:44:55.410Z"""
324473,EK1_A32LD0/PCGAPC1.CntVal1.actVal:BCR,"""2025-04-25T10:45:00.415Z"""
324474,EK1_A32LD0/PCGAPC1.CntVal1.actVal:BCR,"""2025-04-25T10:45:05.420Z"""
324475,EK1_A32LD0/PCGAPC1.CntVal1.actVal:BCR,"""2025-04-25T10:45:10.425Z"""
324476,EK1_A32LD0/PCGAPC1.CntVal1.actVal:BCR,"""2025-04-25T10:45:15.430Z"""
324477,EK1_A32LD0/PCGAPC1.CntVal1.actVal:BCR,"""2025-04-25T10:45:20.435Z"""
324478,EK1_A32LD0/PCGAPC1.CntVal1.actVal:BCR,"""2025-04-25T10:45:25.440Z"""
324479,EK1_A32LD0/PCGAPC1.CntVal1.actVal:BCR,"""2025-04-25T10:45:30.445Z"""
324480,EK1_A32LD0/PCGAPC1.CntVal1.actVal:BCR,"""2025-04-25T10:45:35.450Z"""
324481,EK1_A32LD0/PCGAPC1.CntVal1.actVal:BCR,"""2025-04-25T10:45:40.455Z"""
324482,EK1_A32LD0/PCGAPC1.CntVal1.actVal:BCR,"""2025-04-25T10:45:45.460Z"""
324483,EK1_A32LD0/PCGAPC1.CntVal1.actVal:BCR,"""2025-04-25T10:45:51.662Z"""
324492,EK1_A32LD0/PCGAPC1.CntVal1.actVal:BCR,"""2025-04-25T10:46:35.510Z"""
324493,EK1_A32LD0/PCGAPC1.CntVal1.actVal:BCR,"""2025-04-25T10:46:40.515Z"""
324494,EK1_A32LD0/PCGAPC1.CntVal1.actVal:BCR,"""2025-04-25T10:46:45.520Z"""
324495,EK1_A32LD0/PCGAPC1.CntVal1.actVal:BCR,"""2025-04-25T10:46:50.525Z"""
324495,EK1_A32LD0/PCGAPC1.CntVal1.actVal:BCR,"""2025-04-25T10:46:51.662Z"""
324496,EK1_A32LD0/PCGAPC1.CntVal1.actVal:BCR,"""2025-04-25T10:46:55.530Z"""
324497,EK1_A32LD0/PCGAPC1.CntVal1.actVal:BCR,"""2025-04-25T10:47:00.535Z"""
324498,EK1_A32LD0/PCGAPC1.CntVal1.actVal:BCR,"""2025-04-25T10:47:05.540Z"""
324499,EK1_A32LD0/PCGAPC1.CntVal1.actVal:BCR,"""2025-04-25T10:47:10.545Z"""
324500,EK1_A32LD0/PCGAPC1.CntVal1.actVal:BCR,"""2025-04-25T10:47:15.550Z"""
324501,EK1_A32LD0/PCGAPC1.CntVal1.actVal:BCR,"""2025-04-25T10:47:20.555Z"""
324502,EK1_A32LD0/PCGAPC1.CntVal1.actVal:BCR,"""2025-04-25T10:47:25.560Z"""
324503,EK1_A32LD0/PCGAPC1.CntVal1.actVal:BCR,"""2025-04-25T10:47:30.565Z"""
324507,EK1_A32LD0/PCGAPC1.CntVal1.actVal:BCR,"""2025-04-25T10:47:51.662Z"""
324512,EK1_A32LD0/PCGAPC1.CntVal1.actVal:BCR,"""2025-04-25T10:48:15.610Z"""
324513,EK1_A32LD0/PCGAPC1.CntVal1.actVal:BCR,"""2025-04-25T10:48:20.615Z"""
324514,EK1_A32LD0/PCGAPC1.CntVal1.actVal:BCR,"""2025-04-25T10:48:25.620Z"""
324515,EK1_A32LD0/PCGAPC1.CntVal1.actVal:BCR,"""2025-04-25T10:48:30.625Z"""
324516,EK1_A32LD0/PCGAPC1.CntVal1.actVal:BCR,"""2025-04-25T10:48:35.630Z"""
324517,EK1_A32LD0/PCGAPC1.CntVal1.actVal:BCR,"""2025-04-25T10:48:40.635Z"""
324518,EK1_A32LD0/PCGAPC1.CntVal1.actVal:BCR,"""2025-04-25T10:48:45.640Z"""
324519,EK1_A32LD0/PCGAPC1.CntVal1.actVal:BCR,"""2025-04-25T10:48:50.645Z"""
324519,EK1_A32LD0/PCGAPC1.CntVal1.actVal:BCR,"""2025-04-25T10:48:51.662Z"""
324520,EK1_A32LD0/PCGAPC1.CntVal1.actVal:BCR,"""2025-04-25T10:48:55.650Z"""
324521,EK1_A32LD0/PCGAPC1.CntVal1.actVal:BCR,"""2025-04-25T10:49:00.655Z"""
324522,EK1_A32LD0/PCGAPC1.CntVal1.actVal:BCR,"""2025-04-25T10:49:05.660Z"""
324523,EK1_A32LD0/PCGAPC1.CntVal1.actVal:BCR,"""2025-04-25T10:49:10.665Z"""
324524,EK1_A32LD0/PCGAPC1.CntVal1.actVal:BCR,"""2025-04-25T10:49:15.670Z"""
324525,EK1_A32LD0/PCGAPC1.CntVal1.actVal:BCR,"""2025-04-25T10:49:20.675Z"""
324531,EK1_A32LD0/PCGAPC1.CntVal1.actVal:BCR,"""2025-04-25T10:49:51.662Z"""
324533,EK1_A32LD0/PCGAPC1.CntVal1.actVal:BCR,"""2025-04-25T10:50:00.715Z"""
324534,EK1_A32LD0/PCGAPC1.CntVal1.actVal:BCR,"""2025-04-25T10:50:05.720Z"""
324535,EK1_A32LD0/PCGAPC1.CntVal1.actVal:BCR,"""2025-04-25T10:50:10.725Z"""
324536,EK1_A32LD0/PCGAPC1.CntVal1.actVal:BCR,"""2025-04-25T10:50:15.730Z"""
324537,EK1_A32LD0/PCGAPC1.CntVal1.actVal:BCR,"""2025-04-25T10:50:20.735Z"""
324538,EK1_A32LD0/PCGAPC1.CntVal1.actVal:BCR,"""2025-04-25T10:50:25.740Z"""
324539,EK1_A32LD0/PCGAPC1.CntVal1.actVal:BCR,"""2025-04-25T10:50:30.745Z"""
324540,EK1_A32LD0/PCGAPC1.CntVal1.actVal:BCR,"""2025-04-25T10:50:35.750Z"""
324541,EK1_A32LD0/PCGAPC1.CntVal1.actVal:BCR,"""2025-04-25T10:50:40.755Z"""
324542,EK1_A32LD0/PCGAPC1.CntVal1.actVal:BCR,"""2025-04-25T10:50:45.760Z"""
324543,EK1_A32LD0/PCGAPC1.CntVal1.actVal:BCR,"""2025-04-25T10:50:50.765Z"""
324543,EK1_A32LD0/PCGAPC1.CntVal1.actVal:BCR,"""2025-04-25T10:50:51.662Z"""
324544,EK1_A32LD0/PCGAPC1.CntVal1.actVal:BCR,"""2025-04-25T10:50:55.770Z"""
324545,EK1_A32LD0/PCGAPC1.CntVal1.actVal:BCR,"""2025-04-25T10:51:00.775Z"""
324546,EK1_A32LD0/PCGAPC1.CntVal1.actVal:BCR,"""2025-04-25T10:51:05.780Z"""
324547,EK1_A32LD0/PCGAPC1.CntVal1.actVal:BCR,"""2025-04-25T10:51:10.785Z"""
324553,EK1_A32LD0/PCGAPC1.CntVal1.actVal:BCR,"""2025-04-25T10:51:40.815Z"""
324554,EK1_A32LD0/PCGAPC1.CntVal1.actVal:BCR,"""2025-04-25T10:51:45.820Z"""
324555,EK1_A32LD0/PCGAPC1.CntVal1.actVal:BCR,"""2025-04-25T10:51:50.825Z"""
324555,EK1_A32LD0/PCGAPC1.CntVal1.actVal:BCR,"""2025-04-25T10:51:51.662Z"""
324556,EK1_A32LD0/PCGAPC1.CntVal1.actVal:BCR,"""2025-04-25T10:51:55.830Z"""
324557,EK1_A32LD0/PCGAPC1.CntVal1.actVal:BCR,"""2025-04-25T10:52:00.835Z"""
324558,EK1_A32LD0/PCGAPC1.CntVal1.actVal:BCR,"""2025-04-25T10:52:05.840Z"""
324559,EK1_A32LD0/PCGAPC1.CntVal1.actVal:BCR,"""2025-04-25T10:52:10.845Z"""
324560,EK1_A32LD0/PCGAPC1.CntVal1.actVal:BCR,"""2025-04-25T10:52:15.850Z"""
324561,EK1_A32LD0/PCGAPC1.CntVal1.actVal:BCR,"""2025-04-25T10:52:20.855Z"""
324562,EK1_A32LD0/PCGAPC1.CntVal1.actVal:BCR,"""2025-04-25T10:52:25.860Z"""
324563,EK1_A32LD0/PCGAPC1.CntVal1.actVal:BCR,"""2025-04-25T10:52:30.865Z"""
324564,EK1_A32LD0/PCGAPC1.CntVal1.actVal:BCR,"""2025-04-25T10:52:35.870Z"""
324565,EK1_A32LD0/PCGAPC1.CntVal1.actVal:BCR,"""2025-04-25T10:52:40.875Z"""
324566,EK1_A32LD0/PCGAPC1.CntVal1.actVal:BCR,"""2025-04-25T10:52:45.880Z"""
324567,EK1_A32LD0/PCGAPC1.CntVal1.actVal:BCR,"""2025-04-25T10:52:50.885Z"""
324567,EK1_A32LD0/PCGAPC1.CntVal1.actVal:BCR,"""2025-04-25T10:52:51.662Z"""
324568,EK1_A32LD0/PCGAPC1.CntVal1.actVal:BCR,"""2025-04-25T10:52:55.890Z"""
324569,EK1_A32LD0/PCGAPC1.CntVal1.actVal:BCR,"""2025-04-25T10:53:00.895Z"""
324570,EK1_A32LD0/PCGAPC1.CntVal1.actVal:BCR,"""2025-04-25T10:53:05.900Z"""
324571,EK1_A32LD0/PCGAPC1.CntVal1.actVal:BCR,"""2025-04-25T10:53:10.905Z"""
324574,EK1_A32LD0/PCGAPC1.CntVal1.actVal:BCR,"""2025-04-25T10:53:25.920Z"""
324575,EK1_A32LD0/PCGAPC1.CntVal1.actVal:BCR,"""2025-04-25T10:53:30.925Z"""
324576,EK1_A32LD0/PCGAPC1.CntVal1.actVal:BCR,"""2025-04-25T10:53:35.930Z"""
324577,EK1_A32LD0/PCGAPC1.CntVal1.actVal:BCR,"""2025-04-25T10:53:40.935Z"""
324578,EK1_A32LD0/PCGAPC1.CntVal1.actVal:BCR,"""2025-04-25T10:53:45.940Z"""
324579,EK1_A32LD0/PCGAPC1.CntVal1.actVal:BCR,"""2025-04-25T10:53:50.945Z"""
324579,EK1_A32LD0/PCGAPC1.CntVal1.actVal:BCR,"""2025-04-25T10:53:51.662Z"""
324580,EK1_A32LD0/PCGAPC1.CntVal1.actVal:BCR,"""2025-04-25T10:53:55.950Z"""
324581,EK1_A32LD0/PCGAPC1.CntVal1.actVal:BCR,"""2025-04-25T10:54:00.955Z"""
324582,EK1_A32LD0/PCGAPC1.CntVal1.actVal:BCR,"""2025-04-25T10:54:05.960Z"""
324583,EK1_A32LD0/PCGAPC1.CntVal1.actVal:BCR,"""2025-04-25T10:54:10.965Z"""
324584,EK1_A32LD0/PCGAPC1.CntVal1.actVal:BCR,"""2025-04-25T10:54:15.970Z"""
324585,EK1_A32LD0/PCGAPC1.CntVal1.actVal:BCR,"""2025-04-25T10:54:20.975Z"""
324586,EK1_A32LD0/PCGAPC1.CntVal1.actVal:BCR,"""2025-04-25T10:54:25.980Z"""
324587,EK1_A32LD0/PCGAPC1.CntVal1.actVal:BCR,"""2025-04-25T10:54:30.985Z"""
324588,EK1_A32LD0/PCGAPC1.CntVal1.actVal:BCR,"""2025-04-25T10:54:35.990Z"""
324589,EK1_A32LD0/PCGAPC1.CntVal1.actVal:BCR,"""2025-04-25T10:54:40.995Z"""
324590,EK1_A32LD0/PCGAPC1.CntVal1.actVal:BCR,"""2025-04-25T10:54:46.000Z"""
324591,EK1_A32LD0/PCGAPC1.CntVal1.actVal:BCR,"""2025-04-25T10:54:51.005Z"""
324591,EK1_A32LD0/PCGAPC1.CntVal1.actVal:BCR,"""2025-04-25T10:54:51.662Z"""
324592,EK1_A32LD0/PCGAPC1.CntVal1.actVal:BCR,"""2025-04-25T10:54:56.010Z"""
324593,EK1_A32LD0/PCGAPC1.CntVal1.actVal:BCR,"""2025-04-25T10:55:01.015Z"""
324594,EK1_A32LD0/PCGAPC1.CntVal1.actVal:BCR,"""2025-04-25T10:55:06.020Z"""
324595,EK1_A32LD0/PCGAPC1.CntVal1.actVal:BCR,"""2025-04-25T10:55:11.025Z"""
324596,EK1_A32LD0/PCGAPC1.CntVal1.actVal:BCR,"""2025-04-25T10:55:16.030Z"""
324597,EK1_A32LD0/PCGAPC1.CntVal1.actVal:BCR,"""2025-04-25T10:55:21.035Z"""
324598,EK1_A32LD0/PCGAPC1.CntVal1.actVal:BCR,"""2025-04-25T10:55:26.040Z"""
324599,EK1_A32LD0/PCGAPC1.CntVal1.actVal:BCR,"""2025-04-25T10:55:31.045Z"""
324600,EK1_A32LD0/PCGAPC1.CntVal1.actVal:BCR,"""2025-04-25T10:55:36.050Z"""
324601,EK1_A32LD0/PCGAPC1.CntVal1.actVal:BCR,"""2025-04-25T10:55:41.055Z"""
324602,EK1_A32LD0/PCGAPC1.CntVal1.actVal:BCR,"""2025-04-25T10:55:46.060Z"""
324603,EK1_A32LD0/PCGAPC1.CntVal1.actVal:BCR,"""2025-04-25T10:55:51.065Z"""
324603,EK1_A32LD0/PCGAPC1.CntVal1.actVal:BCR,"""2025-04-25T10:55:51.662Z"""
324604,EK1_A32LD0/PCGAPC1.CntVal1.actVal:BCR,"""2025-04-25T10:55:56.070Z"""
324605,EK1_A32LD0/PCGAPC1.CntVal1.actVal:BCR,"""2025-04-25T10:56:01.075Z"""
324606,EK1_A32LD0/PCGAPC1.CntVal1.actVal:BCR,"""2025-04-25T10:56:06.080Z"""
324607,EK1_A32LD0/PCGAPC1.CntVal1.actVal:BCR,"""2025-04-25T10:56:11.085Z"""
324608,EK1_A32LD0/PCGAPC1.CntVal1.actVal:BCR,"""2025-04-25T10:56:16.090Z"""
324609,EK1_A32LD0/PCGAPC1.CntVal1.actVal:BCR,"""2025-04-25T10:56:21.095Z"""
324610,EK1_A32LD0/PCGAPC1.CntVal1.actVal:BCR,"""2025-04-25T10:56:26.100Z"""
324611,EK1_A32LD0/PCGAPC1.CntVal1.actVal:BCR,"""2025-04-25T10:56:31.105Z"""
324612,EK1_A32LD0/PCGAPC1.CntVal1.actVal:BCR,"""2025-04-25T10:56:36.110Z"""
324613,EK1_A32LD0/PCGAPC1.CntVal1.actVal:BCR,"""2025-04-25T10:56:41.115Z"""
324614,EK1_A32LD0/PCGAPC1.CntVal1.actVal:BCR,"""2025-04-25T10:56:46.120Z"""
324615,EK1_A32LD0/PCGAPC1.CntVal1.actVal:BCR,"""2025-04-25T10:56:51.125Z"""
324615,EK1_A32LD0/PCGAPC1.CntVal1.actVal:BCR,"""2025-04-25T10:56:51.662Z"""
324616,EK1_A32LD0/PCGAPC1.CntVal1.actVal:BCR,"""2025-04-25T10:56:56.130Z"""
324617,EK1_A32LD0/PCGAPC1.CntVal1.actVal:BCR,"""2025-04-25T10:57:01.135Z"""
324618,EK1_A32LD0/PCGAPC1.CntVal1.actVal:BCR,"""2025-04-25T10:57:06.140Z"""
324619,EK1_A32LD0/PCGAPC1.CntVal1.actVal:BCR,"""2025-04-25T10:57:11.145Z"""
324620,EK1_A32LD0/PCGAPC1.CntVal1.actVal:BCR,"""2025-04-25T10:57:16.150Z"""
324621,EK1_A32LD0/PCGAPC1.CntVal1.actVal:BCR,"""2025-04-25T10:57:21.155Z"""
324622,EK1_A32LD0/PCGAPC1.CntVal1.actVal:BCR,"""2025-04-25T10:57:26.160Z"""
324623,EK1_A32LD0/PCGAPC1.CntVal1.actVal:BCR,"""2025-04-25T10:57:31.165Z"""
324624,EK1_A32LD0/PCGAPC1.CntVal1.actVal:BCR,"""2025-04-25T10:57:36.170Z"""
324625,EK1_A32LD0/PCGAPC1.CntVal1.actVal:BCR,"""2025-04-25T10:57:41.175Z"""
324626,EK1_A32LD0/PCGAPC1.CntVal1.actVal:BCR,"""2025-04-25T10:57:46.180Z"""
324627,EK1_A32LD0/PCGAPC1.CntVal1.actVal:BCR,"""2025-04-25T10:57:51.185Z"""
324627,EK1_A32LD0/PCGAPC1.CntVal1.actVal:BCR,"""2025-04-25T10:57:51.662Z"""
324628,EK1_A32LD0/PCGAPC1.CntVal1.actVal:BCR,"""2025-04-25T10:57:56.190Z"""
324629,EK1_A32LD0/PCGAPC1.CntVal1.actVal:BCR,"""2025-04-25T10:58:01.195Z"""
324630,EK1_A32LD0/PCGAPC1.CntVal1.actVal:BCR,"""2025-04-25T10:58:06.200Z"""
324631,EK1_A32LD0/PCGAPC1.CntVal1.actVal:BCR,"""2025-04-25T10:58:11.205Z"""
324632,EK1_A32LD0/PCGAPC1.CntVal1.actVal:BCR,"""2025-04-25T10:58:16.210Z"""
324633,EK1_A32LD0/PCGAPC1.CntVal1.actVal:BCR,"""2025-04-25T10:58:21.215Z"""
324634,EK1_A32LD0/PCGAPC1.CntVal1.actVal:BCR,"""2025-04-25T10:58:26.220Z"""
324635,EK1_A32LD0/PCGAPC1.CntVal1.actVal:BCR,"""2025-04-25T10:58:31.225Z"""
324636,EK1_A32LD0/PCGAPC1.CntVal1.actVal:BCR,"""2025-04-25T10:58:36.230Z"""
324637,EK1_A32LD0/PCGAPC1.CntVal1.actVal:BCR,"""2025-04-25T10:58:41.235Z"""
324638,EK1_A32LD0/PCGAPC1.CntVal1.actVal:BCR,"""2025-04-25T10:58:46.240Z"""
324639,EK1_A32LD0/PCGAPC1.CntVal1.actVal:BCR,"""2025-04-25T10:58:51.245Z"""
324639,EK1_A32LD0/PCGAPC1.CntVal1.actVal:BCR,"""2025-04-25T10:58:51.662Z"""
324640,EK1_A32LD0/PCGAPC1.CntVal1.actVal:BCR,"""2025-04-25T10:58:56.250Z"""
324641,EK1_A32LD0/PCGAPC1.CntVal1.actVal:BCR,"""2025-04-25T10:59:01.255Z"""
324642,EK1_A32LD0/PCGAPC1.CntVal1.actVal:BCR,"""2025-04-25T10:59:06.260Z"""
324643,EK1_A32LD0/PCGAPC1.CntVal1.actVal:BCR,"""2025-04-25T10:59:11.265Z"""
324644,EK1_A32LD0/PCGAPC1.CntVal1.actVal:BCR,"""2025-04-25T10:59:16.270Z"""
324645,EK1_A32LD0/PCGAPC1.CntVal1.actVal:BCR,"""2025-04-25T10:59:21.275Z"""
324646,EK1_A32LD0/PCGAPC1.CntVal1.actVal:BCR,"""2025-04-25T10:59:26.280Z"""
324647,EK1_A32LD0/PCGAPC1.CntVal1.actVal:BCR,"""2025-04-25T10:59:31.285Z"""
324648,EK1_A32LD0/PCGAPC1.CntVal1.actVal:BCR,"""2025-04-25T10:59:36.290Z"""
324649,EK1_A32LD0/PCGAPC1.CntVal1.actVal:BCR,"""2025-04-25T10:59:41.295Z"""
324650,EK1_A32LD0/PCGAPC1.CntVal1.actVal:BCR,"""2025-04-25T10:59:46.300Z"""
324651,EK1_A32LD0/PCGAPC1.CntVal1.actVal:BCR,"""2025-04-25T10:59:51.305Z"""
324651,EK1_A32LD0/PCGAPC1.CntVal1.actVal:BCR,"""2025-04-25T10:59:51.662Z"""
324652,EK1_A32LD0/PCGAPC1.CntVal1.actVal:BCR,"""2025-04-25T10:59:56.310Z"""
324653,EK1_A32LD0/PCGAPC1.CntVal1.actVal:BCR,"""2025-04-25T11:00:01.315Z"""
324654,EK1_A32LD0/PCGAPC1.CntVal1.actVal:BCR,"""2025-04-25T11:00:06.320Z"""
324655,EK1_A32LD0/PCGAPC1.CntVal1.actVal:BCR,"""2025-04-25T11:00:11.325Z"""
324656,EK1_A32LD0/PCGAPC1.CntVal1.actVal:BCR,"""2025-04-25T11:00:16.330Z"""
324657,EK1_A32LD0/PCGAPC1.CntVal1.actVal:BCR,"""2025-04-25T11:00:21.335Z"""
324658,EK1_A32LD0/PCGAPC1.CntVal1.actVal:BCR,"""2025-04-25T11:00:26.340Z"""
324659,EK1_A32LD0/PCGAPC1.CntVal1.actVal:BCR,"""2025-04-25T11:00:31.345Z"""
324660,EK1_A32LD0/PCGAPC1.CntVal1.actVal:BCR,"""2025-04-25T11:00:36.350Z"""
324661,EK1_A32LD0/PCGAPC1.CntVal1.actVal:BCR,"""2025-04-25T11:00:41.355Z"""
324662,EK1_A32LD0/PCGAPC1.CntVal1.actVal:BCR,"""2025-04-25T11:00:46.360Z"""
324663,EK1_A32LD0/PCGAPC1.CntVal1.actVal:BCR,"""2025-04-25T11:00:51.365Z"""
324663,EK1_A32LD0/PCGAPC1.CntVal1.actVal:BCR,"""2025-04-25T11:00:51.662Z"""
324664,EK1_A32LD0/PCGAPC1.CntVal1.actVal:BCR,"""2025-04-25T11:00:56.370Z"""
324665,EK1_A32LD0/PCGAPC1.CntVal1.actVal:BCR,"""2025-04-25T11:01:01.375Z"""
324666,EK1_A32LD0/PCGAPC1.CntVal1.actVal:BCR,"""2025-04-25T11:01:06.380Z"""
324667,EK1_A32LD0/PCGAPC1.CntVal1.actVal:BCR,"""2025-04-25T11:01:11.385Z"""
324668,EK1_A32LD0/PCGAPC1.CntVal1.actVal:BCR,"""2025-04-25T11:01:16.390Z"""
324669,EK1_A32LD0/PCGAPC1.CntVal1.actVal:BCR,"""2025-04-25T11:01:21.395Z"""
324670,EK1_A32LD0/PCGAPC1.CntVal1.actVal:BCR,"""2025-04-25T11:01:26.400Z"""
324671,EK1_A32LD0/PCGAPC1.CntVal1.actVal:BCR,"""2025-04-25T11:01:31.405Z"""
324672,EK1_A32LD0/PCGAPC1.CntVal1.actVal:BCR,"""2025-04-25T11:01:36.410Z"""
324673,EK1_A32LD0/PCGAPC1.CntVal1.actVal:BCR,"""2025-04-25T11:01:41.415Z"""
324674,EK1_A32LD0/PCGAPC1.CntVal1.actVal:BCR,"""2025-04-25T11:01:46.420Z"""
324675,EK1_A32LD0/PCGAPC1.CntVal1.actVal:BCR,"""2025-04-25T11:01:51.425Z"""
324675,EK1_A32LD0/PCGAPC1.CntVal1.actVal:BCR,"""2025-04-25T11:01:51.662Z"""
324676,EK1_A32LD0/PCGAPC1.CntVal1.actVal:BCR,"""2025-04-25T11:01:56.430Z"""
324677,EK1_A32LD0/PCGAPC1.CntVal1.actVal:BCR,"""2025-04-25T11:02:01.435Z"""
324678,EK1_A32LD0/PCGAPC1.CntVal1.actVal:BCR,"""2025-04-25T11:02:06.440Z"""
324679,EK1_A32LD0/PCGAPC1.CntVal1.actVal:BCR,"""2025-04-25T11:02:11.445Z"""
324680,EK1_A32LD0/PCGAPC1.CntVal1.actVal:BCR,"""2025-04-25T11:02:16.450Z"""
324681,EK1_A32LD0/PCGAPC1.CntVal1.actVal:BCR,"""2025-04-25T11:02:21.455Z"""
324682,EK1_A32LD0/PCGAPC1.CntVal1.actVal:BCR,"""2025-04-25T11:02:26.460Z"""
324683,EK1_A32LD0/PCGAPC1.CntVal1.actVal:BCR,"""2025-04-25T11:02:31.465Z"""
324684,EK1_A32LD0/PCGAPC1.CntVal1.actVal:BCR,"""2025-04-25T11:02:36.470Z"""
324685,EK1_A32LD0/PCGAPC1.CntVal1.actVal:BCR,"""2025-04-25T11:02:41.475Z"""
324686,EK1_A32LD0/PCGAPC1.CntVal1.actVal:BCR,"""2025-04-25T11:02:46.480Z"""
324687,EK1_A32LD0/PCGAPC1.CntVal1.actVal:BCR,"""2025-04-25T11:02:51.485Z"""
324687,EK1_A32LD0/PCGAPC1.CntVal1.actVal:BCR,"""2025-04-25T11:02:51.662Z"""
324688,EK1_A32LD0/PCGAPC1.CntVal1.actVal:BCR,"""2025-04-25T11:02:56.490Z"""
324689,EK1_A32LD0/PCGAPC1.CntVal1.actVal:BCR,"""2025-04-25T11:03:01.495Z"""
324690,EK1_A32LD0/PCGAPC1.CntVal1.actVal:BCR,"""2025-04-25T11:03:06.500Z"""
324691,EK1_A32LD0/PCGAPC1.CntVal1.actVal:BCR,"""2025-04-25T11:03:11.505Z"""
324692,EK1_A32LD0/PCGAPC1.CntVal1.actVal:BCR,"""2025-04-25T11:03:16.510Z"""
324693,EK1_A32LD0/PCGAPC1.CntVal1.actVal:BCR,"""2025-04-25T11:03:21.515Z"""
324694,EK1_A32LD0/PCGAPC1.CntVal1.actVal:BCR,"""2025-04-25T11:03:26.520Z"""
324695,EK1_A32LD0/PCGAPC1.CntVal1.actVal:BCR,"""2025-04-25T11:03:31.525Z"""
324696,EK1_A32LD0/PCGAPC1.CntVal1.actVal:BCR,"""2025-04-25T11:03:36.530Z"""
324697,EK1_A32LD0/PCGAPC1.CntVal1.actVal:BCR,"""2025-04-25T11:03:41.535Z"""
324698,EK1_A32LD0/PCGAPC1.CntVal1.actVal:BCR,"""2025-04-25T11:03:46.540Z"""
324699,EK1_A32LD0/PCGAPC1.CntVal1.actVal:BCR,"""2025-04-25T11:03:51.545Z"""
324699,EK1_A32LD0/PCGAPC1.CntVal1.actVal:BCR,"""2025-04-25T11:03:51.662Z"""
324700,EK1_A32LD0/PCGAPC1.CntVal1.actVal:BCR,"""2025-04-25T11:03:56.550Z"""
324701,EK1_A32LD0/PCGAPC1.CntVal1.actVal:BCR,"""2025-04-25T11:04:01.555Z"""
324702,EK1_A32LD0/PCGAPC1.CntVal1.actVal:BCR,"""2025-04-25T11:04:06.560Z"""
324703,EK1_A32LD0/PCGAPC1.CntVal1.actVal:BCR,"""2025-04-25T11:04:11.565Z"""
324704,EK1_A32LD0/PCGAPC1.CntVal1.actVal:BCR,"""2025-04-25T11:04:16.570Z"""
324705,EK1_A32LD0/PCGAPC1.CntVal1.actVal:BCR,"""2025-04-25T11:04:21.575Z"""
324706,EK1_A32LD0/PCGAPC1.CntVal1.actVal:BCR,"""2025-04-25T11:04:26.580Z"""
324707,EK1_A32LD0/PCGAPC1.CntVal1.actVal:BCR,"""2025-04-25T11:04:31.585Z"""
324708,EK1_A32LD0/PCGAPC1.CntVal1.actVal:BCR,"""2025-04-25T11:04:36.590Z"""
324709,EK1_A32LD0/PCGAPC1.CntVal1.actVal:BCR,"""2025-04-25T11:04:41.595Z"""
324710,EK1_A32LD0/PCGAPC1.CntVal1.actVal:BCR,"""2025-04-25T11:04:46.600Z"""
324711,EK1_A32LD0/PCGAPC1.CntVal1.actVal:BCR,"""2025-04-25T11:04:51.605Z"""
324711,EK1_A32LD0/PCGAPC1.CntVal1.actVal:BCR,"""2025-04-25T11:04:51.662Z"""
324712,EK1_A32LD0/PCGAPC1.CntVal1.actVal:BCR,"""2025-04-25T11:04:56.610Z"""
324713,EK1_A32LD0/PCGAPC1.CntVal1.actVal:BCR,"""2025-04-25T11:05:01.615Z"""
324714,EK1_A32LD0/PCGAPC1.CntVal1.actVal:BCR,"""2025-04-25T11:05:06.620Z"""
324715,EK1_A32LD0/PCGAPC1.CntVal1.actVal:BCR,"""2025-04-25T11:05:11.625Z"""
324716,EK1_A32LD0/PCGAPC1.CntVal1.actVal:BCR,"""2025-04-25T11:05:16.630Z"""
324717,EK1_A32LD0/PCGAPC1.CntVal1.actVal:BCR,"""2025-04-25T11:05:21.635Z"""
324718,EK1_A32LD0/PCGAPC1.CntVal1.actVal:BCR,"""2025-04-25T11:05:26.640Z"""
324719,EK1_A32LD0/PCGAPC1.CntVal1.actVal:BCR,"""2025-04-25T11:05:31.645Z"""
324720,EK1_A32LD0/PCGAPC1.CntVal1.actVal:BCR,"""2025-04-25T11:05:36.650Z"""
324721,EK1_A32LD0/PCGAPC1.CntVal1.actVal:BCR,"""2025-04-25T11:05:41.655Z"""
324722,EK1_A32LD0/PCGAPC1.CntVal1.actVal:BCR,"""2025-04-25T11:05:46.660Z"""
324722,EK1_A32LD0/PCGAPC1.CntVal1.actVal:BCR,"""2025-04-25T11:05:51.662Z"""
324723,EK1_A32LD0/PCGAPC1.CntVal1.actVal:BCR,"""2025-04-25T11:05:51.665Z"""
324724,EK1_A32LD0/PCGAPC1.CntVal1.actVal:BCR,"""2025-04-25T11:05:56.670Z"""
324725,EK1_A32LD0/PCGAPC1.CntVal1.actVal:BCR,"""2025-04-25T11:06:01.675Z"""
324726,EK1_A32LD0/PCGAPC1.CntVal1.actVal:BCR,"""2025-04-25T11:06:06.680Z"""
324727,EK1_A32LD0/PCGAPC1.CntVal1.actVal:BCR,"""2025-04-25T11:06:11.685Z"""
324728,EK1_A32LD0/PCGAPC1.CntVal1.actVal:BCR,"""2025-04-25T11:06:16.690Z"""
324729,EK1_A32LD0/PCGAPC1.CntVal1.actVal:BCR,"""2025-04-25T11:06:21.695Z"""
324730,EK1_A32LD0/PCGAPC1.CntVal1.actVal:BCR,"""2025-04-25T11:06:26.700Z"""
324731,EK1_A32LD0/PCGAPC1.CntVal1.actVal:BCR,"""2025-04-25T11:06:31.705Z"""
324732,EK1_A32LD0/PCGAPC1.CntVal1.actVal:BCR,"""2025-04-25T11:06:36.710Z"""
324733,EK1_A32LD0/PCGAPC1.CntVal1.actVal:BCR,"""2025-04-25T11:06:41.715Z"""
324734,EK1_A32LD0/PCGAPC1.CntVal1.actVal:BCR,"""2025-04-25T11:06:46.720Z"""
324734,EK1_A32LD0/PCGAPC1.CntVal1.actVal:BCR,"""2025-04-25T11:06:51.662Z"""
324735,EK1_A32LD0/PCGAPC1.CntVal1.actVal:BCR,"""2025-04-25T11:06:51.725Z"""
324736,EK1_A32LD0/PCGAPC1.CntVal1.actVal:BCR,"""2025-04-25T11:06:56.730Z"""
324737,EK1_A32LD0/PCGAPC1.CntVal1.actVal:BCR,"""2025-04-25T11:07:01.735Z"""
324738,EK1_A32LD0/PCGAPC1.CntVal1.actVal:BCR,"""2025-04-25T11:07:06.740Z"""
324739,EK1_A32LD0/PCGAPC1.CntVal1.actVal:BCR,"""2025-04-25T11:07:11.745Z"""
324740,EK1_A32LD0/PCGAPC1.CntVal1.actVal:BCR,"""2025-04-25T11:07:16.750Z"""
324741,EK1_A32LD0/PCGAPC1.CntVal1.actVal:BCR,"""2025-04-25T11:07:21.755Z"""
324742,EK1_A32LD0/PCGAPC1.CntVal1.actVal:BCR,"""2025-04-25T11:07:26.760Z"""
324743,EK1_A32LD0/PCGAPC1.CntVal1.actVal:BCR,"""2025-04-25T11:07:31.765Z"""
324744,EK1_A32LD0/PCGAPC1.CntVal1.actVal:BCR,"""2025-04-25T11:07:36.770Z"""
324745,EK1_A32LD0/PCGAPC1.CntVal1.actVal:BCR,"""2025-04-25T11:07:41.775Z"""
324746,EK1_A32LD0/PCGAPC1.CntVal1.actVal:BCR,"""2025-04-25T11:07:46.780Z"""
324746,EK1_A32LD0/PCGAPC1.CntVal1.actVal:BCR,"""2025-04-25T11:07:51.662Z"""
324747,EK1_A32LD0/PCGAPC1.CntVal1.actVal:BCR,"""2025-04-25T11:07:51.785Z"""
324748,EK1_A32LD0/PCGAPC1.CntVal1.actVal:BCR,"""2025-04-25T11:07:56.790Z"""
324749,EK1_A32LD0/PCGAPC1.CntVal1.actVal:BCR,"""2025-04-25T11:08:01.795Z"""
324750,EK1_A32LD0/PCGAPC1.CntVal1.actVal:BCR,"""2025-04-25T11:08:06.800Z"""
324751,EK1_A32LD0/PCGAPC1.CntVal1.actVal:BCR,"""2025-04-25T11:08:11.805Z"""
324752,EK1_A32LD0/PCGAPC1.CntVal1.actVal:BCR,"""2025-04-25T11:08:16.810Z"""
324753,EK1_A32LD0/PCGAPC1.CntVal1.actVal:BCR,"""2025-04-25T11:08:21.815Z"""
324754,EK1_A32LD0/PCGAPC1.CntVal1.actVal:BCR,"""2025-04-25T11:08:26.820Z"""
324755,EK1_A32LD0/PCGAPC1.CntVal1.actVal:BCR,"""2025-04-25T11:08:31.825Z"""
324756,EK1_A32LD0/PCGAPC1.CntVal1.actVal:BCR,"""2025-04-25T11:08:36.830Z"""
324757,EK1_A32LD0/PCGAPC1.CntVal1.actVal:BCR,"""2025-04-25T11:08:41.835Z"""
324758,EK1_A32LD0/PCGAPC1.CntVal1.actVal:BCR,"""2025-04-25T11:08:46.840Z"""
324758,EK1_A32LD0/PCGAPC1.CntVal1.actVal:BCR,"""2025-04-25T11:08:51.662Z"""
324759,EK1_A32LD0/PCGAPC1.CntVal1.actVal:BCR,"""2025-04-25T11:08:51.845Z"""
324760,EK1_A32LD0/PCGAPC1.CntVal1.actVal:BCR,"""2025-04-25T11:08:56.850Z"""
324761,EK1_A32LD0/PCGAPC1.CntVal1.actVal:BCR,"""2025-04-25T11:09:01.855Z"""
324762,EK1_A32LD0/PCGAPC1.CntVal1.actVal:BCR,"""2025-04-25T11:09:06.860Z"""
324763,EK1_A32LD0/PCGAPC1.CntVal1.actVal:BCR,"""2025-04-25T11:09:11.865Z"""
324764,EK1_A32LD0/PCGAPC1.CntVal1.actVal:BCR,"""2025-04-25T11:09:16.870Z"""
324765,EK1_A32LD0/PCGAPC1.CntVal1.actVal:BCR,"""2025-04-25T11:09:21.875Z"""
324766,EK1_A32LD0/PCGAPC1.CntVal1.actVal:BCR,"""2025-04-25T11:09:26.880Z"""
324767,EK1_A32LD0/PCGAPC1.CntVal1.actVal:BCR,"""2025-04-25T11:09:31.885Z"""
324768,EK1_A32LD0/PCGAPC1.CntVal1.actVal:BCR,"""2025-04-25T11:09:36.890Z"""
324769,EK1_A32LD0/PCGAPC1.CntVal1.actVal:BCR,"""2025-04-25T11:09:41.895Z"""
324770,EK1_A32LD0/PCGAPC1.CntVal1.actVal:BCR,"""2025-04-25T11:09:46.900Z"""
324770,EK1_A32LD0/PCGAPC1.CntVal1.actVal:BCR,"""2025-04-25T11:09:51.662Z"""
324771,EK1_A32LD0/PCGAPC1.CntVal1.actVal:BCR,"""2025-04-25T11:09:51.905Z"""
324772,EK1_A32LD0/PCGAPC1.CntVal1.actVal:BCR,"""2025-04-25T11:09:56.910Z"""
324773,EK1_A32LD0/PCGAPC1.CntVal1.actVal:BCR,"""2025-04-25T11:10:01.915Z"""
324774,EK1_A32LD0/PCGAPC1.CntVal1.actVal:BCR,"""2025-04-25T11:10:06.920Z"""
324775,EK1_A32LD0/PCGAPC1.CntVal1.actVal:BCR,"""2025-04-25T11:10:11.925Z"""
324776,EK1_A32LD0/PCGAPC1.CntVal1.actVal:BCR,"""2025-04-25T11:10:16.930Z"""
324777,EK1_A32LD0/PCGAPC1.CntVal1.actVal:BCR,"""2025-04-25T11:10:21.935Z"""
324778,EK1_A32LD0/PCGAPC1.CntVal1.actVal:BCR,"""2025-04-25T11:10:26.940Z"""
324779,EK1_A32LD0/PCGAPC1.CntVal1.actVal:BCR,"""2025-04-25T11:10:31.945Z"""
324780,EK1_A32LD0/PCGAPC1.CntVal1.actVal:BCR,"""2025-04-25T11:10:36.950Z"""
324781,EK1_A32LD0/PCGAPC1.CntVal1.actVal:BCR,"""2025-04-25T11:10:41.955Z"""
324782,EK1_A32LD0/PCGAPC1.CntVal1.actVal:BCR,"""2025-04-25T11:10:46.960Z"""
324782,EK1_A32LD0/PCGAPC1.CntVal1.actVal:BCR,"""2025-04-25T11:10:51.662Z"""
324783,EK1_A32LD0/PCGAPC1.CntVal1.actVal:BCR,"""2025-04-25T11:10:51.965Z"""
324784,EK1_A32LD0/PCGAPC1.CntVal1.actVal:BCR,"""2025-04-25T11:10:56.970Z"""
324785,EK1_A32LD0/PCGAPC1.CntVal1.actVal:BCR,"""2025-04-25T11:11:01.975Z"""
324786,EK1_A32LD0/PCGAPC1.CntVal1.actVal:BCR,"""2025-04-25T11:11:06.980Z"""
324787,EK1_A32LD0/PCGAPC1.CntVal1.actVal:BCR,"""2025-04-25T11:11:11.985Z"""
324788,EK1_A32LD0/PCGAPC1.CntVal1.actVal:BCR,"""2025-04-25T11:11:16.990Z"""
324789,EK1_A32LD0/PCGAPC1.CntVal1.actVal:BCR,"""2025-04-25T11:11:21.995Z"""
324790,EK1_A32LD0/PCGAPC1.CntVal1.actVal:BCR,"""2025-04-25T11:11:27.000Z"""
324791,EK1_A32LD0/PCGAPC1.CntVal1.actVal:BCR,"""2025-04-25T11:11:32.005Z"""
324792,EK1_A32LD0/PCGAPC1.CntVal1.actVal:BCR,"""2025-04-25T11:11:37.010Z"""
324793,EK1_A32LD0/PCGAPC1.CntVal1.actVal:BCR,"""2025-04-25T11:11:42.015Z"""
324794,EK1_A32LD0/PCGAPC1.CntVal1.actVal:BCR,"""2025-04-25T11:11:47.020Z"""
324794,EK1_A32LD0/PCGAPC1.CntVal1.actVal:BCR,"""2025-04-25T11:11:51.662Z"""
324795,EK1_A32LD0/PCGAPC1.CntVal1.actVal:BCR,"""2025-04-25T11:11:52.025Z"""
324796,EK1_A32LD0/PCGAPC1.CntVal1.actVal:BCR,"""2025-04-25T11:11:57.030Z"""
324797,EK1_A32LD0/PCGAPC1.CntVal1.actVal:BCR,"""2025-04-25T11:12:02.035Z"""
324798,EK1_A32LD0/PCGAPC1.CntVal1.actVal:BCR,"""2025-04-25T11:12:07.040Z"""
324799,EK1_A32LD0/PCGAPC1.CntVal1.actVal:BCR,"""2025-04-25T11:12:12.045Z"""
324800,EK1_A32LD0/PCGAPC1.CntVal1.actVal:BCR,"""2025-04-25T11:12:17.050Z"""
324801,EK1_A32LD0/PCGAPC1.CntVal1.actVal:BCR,"""2025-04-25T11:12:22.055Z"""
324802,EK1_A32LD0/PCGAPC1.CntVal1.actVal:BCR,"""2025-04-25T11:12:27.060Z"""
324803,EK1_A32LD0/PCGAPC1.CntVal1.actVal:BCR,"""2025-04-25T11:12:32.065Z"""
324804,EK1_A32LD0/PCGAPC1.CntVal1.actVal:BCR,"""2025-04-25T11:12:37.070Z"""
324805,EK1_A32LD0/PCGAPC1.CntVal1.actVal:BCR,"""2025-04-25T11:12:42.075Z"""
324806,EK1_A32LD0/PCGAPC1.CntVal1.actVal:BCR,"""2025-04-25T11:12:47.080Z"""
324806,EK1_A32LD0/PCGAPC1.CntVal1.actVal:BCR,"""2025-04-25T11:12:51.662Z"""
324807,EK1_A32LD0/PCGAPC1.CntVal1.actVal:BCR,"""2025-04-25T11:12:52.085Z"""
324808,EK1_A32LD0/PCGAPC1.CntVal1.actVal:BCR,"""2025-04-25T11:12:57.090Z"""
324809,EK1_A32LD0/PCGAPC1.CntVal1.actVal:BCR,"""2025-04-25T11:13:02.095Z"""
324810,EK1_A32LD0/PCGAPC1.CntVal1.actVal:BCR,"""2025-04-25T11:13:07.100Z"""
324811,EK1_A32LD0/PCGAPC1.CntVal1.actVal:BCR,"""2025-04-25T11:13:12.105Z"""
324812,EK1_A32LD0/PCGAPC1.CntVal1.actVal:BCR,"""2025-04-25T11:13:17.110Z"""
324813,EK1_A32LD0/PCGAPC1.CntVal1.actVal:BCR,"""2025-04-25T11:13:22.115Z"""
324814,EK1_A32LD0/PCGAPC1.CntVal1.actVal:BCR,"""2025-04-25T11:13:27.120Z"""
324815,EK1_A32LD0/PCGAPC1.CntVal1.actVal:BCR,"""2025-04-25T11:13:32.125Z"""
324816,EK1_A32LD0/PCGAPC1.CntVal1.actVal:BCR,"""2025-04-25T11:13:37.130Z"""
324817,EK1_A32LD0/PCGAPC1.CntVal1.actVal:BCR,"""2025-04-25T11:13:42.135Z"""
324818,EK1_A32LD0/PCGAPC1.CntVal1.actVal:BCR,"""2025-04-25T11:13:47.140Z"""
324818,EK1_A32LD0/PCGAPC1.CntVal1.actVal:BCR,"""2025-04-25T11:13:51.662Z"""
324819,EK1_A32LD0/PCGAPC1.CntVal1.actVal:BCR,"""2025-04-25T11:13:52.145Z"""
324820,EK1_A32LD0/PCGAPC1.CntVal1.actVal:BCR,"""2025-04-25T11:13:57.150Z"""
324821,EK1_A32LD0/PCGAPC1.CntVal1.actVal:BCR,"""2025-04-25T11:14:02.155Z"""
324822,EK1_A32LD0/PCGAPC1.CntVal1.actVal:BCR,"""2025-04-25T11:14:07.160Z"""
324823,EK1_A32LD0/PCGAPC1.CntVal1.actVal:BCR,"""2025-04-25T11:14:12.165Z"""
324824,EK1_A32LD0/PCGAPC1.CntVal1.actVal:BCR,"""2025-04-25T11:14:17.170Z"""
324825,EK1_A32LD0/PCGAPC1.CntVal1.actVal:BCR,"""2025-04-25T11:14:22.175Z"""
324826,EK1_A32LD0/PCGAPC1.CntVal1.actVal:BCR,"""2025-04-25T11:14:27.180Z"""
324827,EK1_A32LD0/PCGAPC1.CntVal1.actVal:BCR,"""2025-04-25T11:14:32.185Z"""
324828,EK1_A32LD0/PCGAPC1.CntVal1.actVal:BCR,"""2025-04-25T11:14:37.190Z"""
324829,EK1_A32LD0/PCGAPC1.CntVal1.actVal:BCR,"""2025-04-25T11:14:42.195Z"""
324830,EK1_A32LD0/PCGAPC1.CntVal1.actVal:BCR,"""2025-04-25T11:14:47.200Z"""
324830,EK1_A32LD0/PCGAPC1.CntVal1.actVal:BCR,"""2025-04-25T11:14:51.662Z"""
324831,EK1_A32LD0/PCGAPC1.CntVal1.actVal:BCR,"""2025-04-25T11:14:52.205Z"""
324832,EK1_A32LD0/PCGAPC1.CntVal1.actVal:BCR,"""2025-04-25T11:14:57.210Z"""
324833,EK1_A32LD0/PCGAPC1.CntVal1.actVal:BCR,"""2025-04-25T11:15:02.215Z"""
324834,EK1_A32LD0/PCGAPC1.CntVal1.actVal:BCR,"""2025-04-25T11:15:07.220Z"""
324835,EK1_A32LD0/PCGAPC1.CntVal1.actVal:BCR,"""2025-04-25T11:15:12.225Z"""
324836,EK1_A32LD0/PCGAPC1.CntVal1.actVal:BCR,"""2025-04-25T11:15:17.230Z"""
324837,EK1_A32LD0/PCGAPC1.CntVal1.actVal:BCR,"""2025-04-25T11:15:22.235Z"""
324838,EK1_A32LD0/PCGAPC1.CntVal1.actVal:BCR,"""2025-04-25T11:15:27.240Z"""
324839,EK1_A32LD0/PCGAPC1.CntVal1.actVal:BCR,"""2025-04-25T11:15:32.245Z"""
324840,EK1_A32LD0/PCGAPC1.CntVal1.actVal:BCR,"""2025-04-25T11:15:37.250Z"""
324841,EK1_A32LD0/PCGAPC1.CntVal1.actVal:BCR,"""2025-04-25T11:15:42.255Z"""
324842,EK1_A32LD0/PCGAPC1.CntVal1.actVal:BCR,"""2025-04-25T11:15:47.260Z"""
324842,EK1_A32LD0/PCGAPC1.CntVal1.actVal:BCR,"""2025-04-25T11:15:51.662Z"""
324843,EK1_A32LD0/PCGAPC1.CntVal1.actVal:BCR,"""2025-04-25T11:15:52.265Z"""
324844,EK1_A32LD0/PCGAPC1.CntVal1.actVal:BCR,"""2025-04-25T11:15:57.270Z"""
324845,EK1_A32LD0/PCGAPC1.CntVal1.actVal:BCR,"""2025-04-25T11:16:02.275Z"""
324846,EK1_A32LD0/PCGAPC1.CntVal1.actVal:BCR,"""2025-04-25T11:16:07.280Z"""
324847,EK1_A32LD0/PCGAPC1.CntVal1.actVal:BCR,"""2025-04-25T11:16:12.285Z"""
324848,EK1_A32LD0/PCGAPC1.CntVal1.actVal:BCR,"""2025-04-25T11:16:17.290Z"""
324849,EK1_A32LD0/PCGAPC1.CntVal1.actVal:BCR,"""2025-04-25T11:16:22.295Z"""
324850,EK1_A32LD0/PCGAPC1.CntVal1.actVal:BCR,"""2025-04-25T11:16:27.300Z"""
324851,EK1_A32LD0/PCGAPC1.CntVal1.actVal:BCR,"""2025-04-25T11:16:32.305Z"""
324852,EK1_A32LD0/PCGAPC1.CntVal1.actVal:BCR,"""2025-04-25T11:16:37.310Z"""
324853,EK1_A32LD0/PCGAPC1.CntVal1.actVal:BCR,"""2025-04-25T11:16:42.315Z"""
324854,EK1_A32LD0/PCGAPC1.CntVal1.actVal:BCR,"""2025-04-25T11:16:47.320Z"""
324854,EK1_A32LD0/PCGAPC1.CntVal1.actVal:BCR,"""2025-04-25T11:16:51.662Z"""
324855,EK1_A32LD0/PCGAPC1.CntVal1.actVal:BCR,"""2025-04-25T11:16:52.325Z"""
324856,EK1_A32LD0/PCGAPC1.CntVal1.actVal:BCR,"""2025-04-25T11:16:57.330Z"""
324857,EK1_A32LD0/PCGAPC1.CntVal1.actVal:BCR,"""2025-04-25T11:17:02.335Z"""
324858,EK1_A32LD0/PCGAPC1.CntVal1.actVal:BCR,"""2025-04-25T11:17:07.340Z"""
324859,EK1_A32LD0/PCGAPC1.CntVal1.actVal:BCR,"""2025-04-25T11:17:12.345Z"""
324860,EK1_A32LD0/PCGAPC1.CntVal1.actVal:BCR,"""2025-04-25T11:17:17.350Z"""
324861,EK1_A32LD0/PCGAPC1.CntVal1.actVal:BCR,"""2025-04-25T11:17:22.355Z"""
324862,EK1_A32LD0/PCGAPC1.CntVal1.actVal:BCR,"""2025-04-25T11:17:27.360Z"""
324863,EK1_A32LD0/PCGAPC1.CntVal1.actVal:BCR,"""2025-04-25T11:17:32.365Z"""
324864,EK1_A32LD0/PCGAPC1.CntVal1.actVal:BCR,"""2025-04-25T11:17:37.370Z"""
324865,EK1_A32LD0/PCGAPC1.CntVal1.actVal:BCR,"""2025-04-25T11:17:42.375Z"""
324866,EK1_A32LD0/PCGAPC1.CntVal1.actVal:BCR,"""2025-04-25T11:17:47.380Z"""
324866,EK1_A32LD0/PCGAPC1.CntVal1.actVal:BCR,"""2025-04-25T11:17:51.662Z"""
324867,EK1_A32LD0/PCGAPC1.CntVal1.actVal:BCR,"""2025-04-25T11:17:52.385Z"""
324868,EK1_A32LD0/PCGAPC1.CntVal1.actVal:BCR,"""2025-04-25T11:17:57.390Z"""
324869,EK1_A32LD0/PCGAPC1.CntVal1.actVal:BCR,"""2025-04-25T11:18:02.395Z"""
324870,EK1_A32LD0/PCGAPC1.CntVal1.actVal:BCR,"""2025-04-25T11:18:07.400Z"""
324871,EK1_A32LD0/PCGAPC1.CntVal1.actVal:BCR,"""2025-04-25T11:18:12.405Z"""
324872,EK1_A32LD0/PCGAPC1.CntVal1.actVal:BCR,"""2025-04-25T11:18:17.410Z"""
324873,EK1_A32LD0/PCGAPC1.CntVal1.actVal:BCR,"""2025-04-25T11:18:22.415Z"""
324874,EK1_A32LD0/PCGAPC1.CntVal1.actVal:BCR,"""2025-04-25T11:18:27.420Z"""
324875,EK1_A32LD0/PCGAPC1.CntVal1.actVal:BCR,"""2025-04-25T11:18:32.425Z"""
324876,EK1_A32LD0/PCGAPC1.CntVal1.actVal:BCR,"""2025-04-25T11:18:37.430Z"""
324877,EK1_A32LD0/PCGAPC1.CntVal1.actVal:BCR,"""2025-04-25T11:18:42.435Z"""
324878,EK1_A32LD0/PCGAPC1.CntVal1.actVal:BCR,"""2025-04-25T11:18:47.440Z"""
324878,EK1_A32LD0/PCGAPC1.CntVal1.actVal:BCR,"""2025-04-25T11:18:51.662Z"""
324879,EK1_A32LD0/PCGAPC1.CntVal1.actVal:BCR,"""2025-04-25T11:18:52.445Z"""
324880,EK1_A32LD0/PCGAPC1.CntVal1.actVal:BCR,"""2025-04-25T11:18:57.450Z"""
324881,EK1_A32LD0/PCGAPC1.CntVal1.actVal:BCR,"""2025-04-25T11:19:02.455Z"""
324882,EK1_A32LD0/PCGAPC1.CntVal1.actVal:BCR,"""2025-04-25T11:19:07.460Z"""
324883,EK1_A32LD0/PCGAPC1.CntVal1.actVal:BCR,"""2025-04-25T11:19:12.465Z"""
324884,EK1_A32LD0/PCGAPC1.CntVal1.actVal:BCR,"""2025-04-25T11:19:17.470Z"""
324885,EK1_A32LD0/PCGAPC1.CntVal1.actVal:BCR,"""2025-04-25T11:19:22.475Z"""
324886,EK1_A32LD0/PCGAPC1.CntVal1.actVal:BCR,"""2025-04-25T11:19:27.480Z"""
324887,EK1_A32LD0/PCGAPC1.CntVal1.actVal:BCR,"""2025-04-25T11:19:32.485Z"""
324888,EK1_A32LD0/PCGAPC1.CntVal1.actVal:BCR,"""2025-04-25T11:19:37.490Z"""
324889,EK1_A32LD0/PCGAPC1.CntVal1.actVal:BCR,"""2025-04-25T11:19:42.495Z"""
324890,EK1_A32LD0/PCGAPC1.CntVal1.actVal:BCR,"""2025-04-25T11:19:47.500Z"""
324890,EK1_A32LD0/PCGAPC1.CntVal1.actVal:BCR,"""2025-04-25T11:19:51.662Z"""
324891,EK1_A32LD0/PCGAPC1.CntVal1.actVal:BCR,"""2025-04-25T11:19:52.505Z"""
324892,EK1_A32LD0/PCGAPC1.CntVal1.actVal:BCR,"""2025-04-25T11:19:57.510Z"""
324893,EK1_A32LD0/PCGAPC1.CntVal1.actVal:BCR,"""2025-04-25T11:20:02.515Z"""
324894,EK1_A32LD0/PCGAPC1.CntVal1.actVal:BCR,"""2025-04-25T11:20:07.520Z"""
324895,EK1_A32LD0/PCGAPC1.CntVal1.actVal:BCR,"""2025-04-25T11:20:12.525Z"""
324896,EK1_A32LD0/PCGAPC1.CntVal1.actVal:BCR,"""2025-04-25T11:20:17.530Z"""
324897,EK1_A32LD0/PCGAPC1.CntVal1.actVal:BCR,"""2025-04-25T11:20:22.535Z"""
324898,EK1_A32LD0/PCGAPC1.CntVal1.actVal:BCR,"""2025-04-25T11:20:27.540Z"""
324899,EK1_A32LD0/PCGAPC1.CntVal1.actVal:BCR,"""2025-04-25T11:20:32.545Z"""
324900,EK1_A32LD0/PCGAPC1.CntVal1.actVal:BCR,"""2025-04-25T11:20:37.550Z"""
324901,EK1_A32LD0/PCGAPC1.CntVal1.actVal:BCR,"""2025-04-25T11:20:42.555Z"""
324902,EK1_A32LD0/PCGAPC1.CntVal1.actVal:BCR,"""2025-04-25T11:20:47.560Z"""
324902,EK1_A32LD0/PCGAPC1.CntVal1.actVal:BCR,"""2025-04-25T11:20:51.662Z"""
324903,EK1_A32LD0/PCGAPC1.CntVal1.actVal:BCR,"""2025-04-25T11:20:52.565Z"""
324904,EK1_A32LD0/PCGAPC1.CntVal1.actVal:BCR,"""2025-04-25T11:20:57.570Z"""
324905,EK1_A32LD0/PCGAPC1.CntVal1.actVal:BCR,"""2025-04-25T11:21:02.575Z"""
324906,EK1_A32LD0/PCGAPC1.CntVal1.actVal:BCR,"""2025-04-25T11:21:07.580Z"""
324907,EK1_A32LD0/PCGAPC1.CntVal1.actVal:BCR,"""2025-04-25T11:21:12.585Z"""
324908,EK1_A32LD0/PCGAPC1.CntVal1.actVal:BCR,"""2025-04-25T11:21:17.590Z"""
324909,EK1_A32LD0/PCGAPC1.CntVal1.actVal:BCR,"""2025-04-25T11:21:22.595Z"""
324910,EK1_A32LD0/PCGAPC1.CntVal1.actVal:BCR,"""2025-04-25T11:21:27.600Z"""
324911,EK1_A32LD0/PCGAPC1.CntVal1.actVal:BCR,"""2025-04-25T11:21:32.605Z"""
324912,EK1_A32LD0/PCGAPC1.CntVal1.actVal:BCR,"""2025-04-25T11:21:37.610Z"""
324913,EK1_A32LD0/PCGAPC1.CntVal1.actVal:BCR,"""2025-04-25T11:21:42.615Z"""
324914,EK1_A32LD0/PCGAPC1.CntVal1.actVal:BCR,"""2025-04-25T11:21:47.620Z"""
324914,EK1_A32LD0/PCGAPC1.CntVal1.actVal:BCR,"""2025-04-25T11:21:51.662Z"""
324915,EK1_A32LD0/PCGAPC1.CntVal1.actVal:BCR,"""2025-04-25T11:21:52.625Z"""
324916,EK1_A32LD0/PCGAPC1.CntVal1.actVal:BCR,"""2025-04-25T11:21:57.630Z"""
324917,EK1_A32LD0/PCGAPC1.CntVal1.actVal:BCR,"""2025-04-25T11:22:02.635Z"""
324918,EK1_A32LD0/PCGAPC1.CntVal1.actVal:BCR,"""2025-04-25T11:22:07.640Z"""
324919,EK1_A32LD0/PCGAPC1.CntVal1.actVal:BCR,"""2025-04-25T11:22:12.645Z"""
324920,EK1_A32LD0/PCGAPC1.CntVal1.actVal:BCR,"""2025-04-25T11:22:17.650Z"""
324921,EK1_A32LD0/PCGAPC1.CntVal1.actVal:BCR,"""2025-04-25T11:22:22.655Z"""
324922,EK1_A32LD0/PCGAPC1.CntVal1.actVal:BCR,"""2025-04-25T11:22:27.660Z"""
324923,EK1_A32LD0/PCGAPC1.CntVal1.actVal:BCR,"""2025-04-25T11:22:32.665Z"""
324924,EK1_A32LD0/PCGAPC1.CntVal1.actVal:BCR,"""2025-04-25T11:22:37.670Z"""
324925,EK1_A32LD0/PCGAPC1.CntVal1.actVal:BCR,"""2025-04-25T11:22:42.675Z"""
324926,EK1_A32LD0/PCGAPC1.CntVal1.actVal:BCR,"""2025-04-25T11:22:47.680Z"""
324926,EK1_A32LD0/PCGAPC1.CntVal1.actVal:BCR,"""2025-04-25T11:22:51.662Z"""
324927,EK1_A32LD0/PCGAPC1.CntVal1.actVal:BCR,"""2025-04-25T11:22:52.685Z"""
324928,EK1_A32LD0/PCGAPC1.CntVal1.actVal:BCR,"""2025-04-25T11:22:57.690Z"""
324929,EK1_A32LD0/PCGAPC1.CntVal1.actVal:BCR,"""2025-04-25T11:23:02.695Z"""
324930,EK1_A32LD0/PCGAPC1.CntVal1.actVal:BCR,"""2025-04-25T11:23:07.700Z"""
324931,EK1_A32LD0/PCGAPC1.CntVal1.actVal:BCR,"""2025-04-25T11:23:12.705Z"""
324932,EK1_A32LD0/PCGAPC1.CntVal1.actVal:BCR,"""2025-04-25T11:23:17.710Z"""
324933,EK1_A32LD0/PCGAPC1.CntVal1.actVal:BCR,"""2025-04-25T11:23:22.715Z"""
324934,EK1_A32LD0/PCGAPC1.CntVal1.actVal:BCR,"""2025-04-25T11:23:27.720Z"""
324935,EK1_A32LD0/PCGAPC1.CntVal1.actVal:BCR,"""2025-04-25T11:23:32.725Z"""
324936,EK1_A32LD0/PCGAPC1.CntVal1.actVal:BCR,"""2025-04-25T11:23:37.730Z"""
324937,EK1_A32LD0/PCGAPC1.CntVal1.actVal:BCR,"""2025-04-25T11:23:42.735Z"""
324938,EK1_A32LD0/PCGAPC1.CntVal1.actVal:BCR,"""2025-04-25T11:23:47.740Z"""
324938,EK1_A32LD0/PCGAPC1.CntVal1.actVal:BCR,"""2025-04-25T11:23:51.662Z"""
324939,EK1_A32LD0/PCGAPC1.CntVal1.actVal:BCR,"""2025-04-25T11:23:52.745Z"""
324940,EK1_A32LD0/PCGAPC1.CntVal1.actVal:BCR,"""2025-04-25T11:23:57.750Z"""
324941,EK1_A32LD0/PCGAPC1.CntVal1.actVal:BCR,"""2025-04-25T11:24:02.755Z"""
324942,EK1_A32LD0/PCGAPC1.CntVal1.actVal:BCR,"""2025-04-25T11:24:07.760Z"""
324943,EK1_A32LD0/PCGAPC1.CntVal1.actVal:BCR,"""2025-04-25T11:24:12.765Z"""
324944,EK1_A32LD0/PCGAPC1.CntVal1.actVal:BCR,"""2025-04-25T11:24:17.770Z"""
324945,EK1_A32LD0/PCGAPC1.CntVal1.actVal:BCR,"""2025-04-25T11:24:22.775Z"""
324946,EK1_A32LD0/PCGAPC1.CntVal1.actVal:BCR,"""2025-04-25T11:24:27.780Z"""
324947,EK1_A32LD0/PCGAPC1.CntVal1.actVal:BCR,"""2025-04-25T11:24:32.785Z"""
324948,EK1_A32LD0/PCGAPC1.CntVal1.actVal:BCR,"""2025-04-25T11:24:37.790Z"""
324949,EK1_A32LD0/PCGAPC1.CntVal1.actVal:BCR,"""2025-04-25T11:24:42.795Z"""
324950,EK1_A32LD0/PCGAPC1.CntVal1.actVal:BCR,"""2025-04-25T11:24:47.800Z"""
324950,EK1_A32LD0/PCGAPC1.CntVal1.actVal:BCR,"""2025-04-25T11:24:51.662Z"""
324951,EK1_A32LD0/PCGAPC1.CntVal1.actVal:BCR,"""2025-04-25T11:24:52.805Z"""
324952,EK1_A32LD0/PCGAPC1.CntVal1.actVal:BCR,"""2025-04-25T11:24:57.810Z"""
324953,EK1_A32LD0/PCGAPC1.CntVal1.actVal:BCR,"""2025-04-25T11:25:02.815Z"""
324954,EK1_A32LD0/PCGAPC1.CntVal1.actVal:BCR,"""2025-04-25T11:25:07.820Z"""
324955,EK1_A32LD0/PCGAPC1.CntVal1.actVal:BCR,"""2025-04-25T11:25:12.825Z"""
324956,EK1_A32LD0/PCGAPC1.CntVal1.actVal:BCR,"""2025-04-25T11:25:17.830Z"""
324957,EK1_A32LD0/PCGAPC1.CntVal1.actVal:BCR,"""2025-04-25T11:25:22.835Z"""
324958,EK1_A32LD0/PCGAPC1.CntVal1.actVal:BCR,"""2025-04-25T11:25:27.840Z"""
324959,EK1_A32LD0/PCGAPC1.CntVal1.actVal:BCR,"""2025-04-25T11:25:32.845Z"""
324960,EK1_A32LD0/PCGAPC1.CntVal1.actVal:BCR,"""2025-04-25T11:25:37.850Z"""
324961,EK1_A32LD0/PCGAPC1.CntVal1.actVal:BCR,"""2025-04-25T11:25:42.855Z"""
324962,EK1_A32LD0/PCGAPC1.CntVal1.actVal:BCR,"""2025-04-25T11:25:47.860Z"""
324962,EK1_A32LD0/PCGAPC1.CntVal1.actVal:BCR,"""2025-04-25T11:25:51.662Z"""
324963,EK1_A32LD0/PCGAPC1.CntVal1.actVal:BCR,"""2025-04-25T11:25:52.865Z"""
324964,EK1_A32LD0/PCGAPC1.CntVal1.actVal:BCR,"""2025-04-25T11:25:57.870Z"""
324965,EK1_A32LD0/PCGAPC1.CntVal1.actVal:BCR,"""2025-04-25T11:26:02.875Z"""
324966,EK1_A32LD0/PCGAPC1.CntVal1.actVal:BCR,"""2025-04-25T11:26:07.880Z"""
324967,EK1_A32LD0/PCGAPC1.CntVal1.actVal:BCR,"""2025-04-25T11:26:12.885Z"""
324968,EK1_A32LD0/PCGAPC1.CntVal1.actVal:BCR,"""2025-04-25T11:26:17.890Z"""
324969,EK1_A32LD0/PCGAPC1.CntVal1.actVal:BCR,"""2025-04-25T11:26:22.895Z"""
324970,EK1_A32LD0/PCGAPC1.CntVal1.actVal:BCR,"""2025-04-25T11:26:27.900Z"""
324971,EK1_A32LD0/PCGAPC1.CntVal1.actVal:BCR,"""2025-04-25T11:26:32.905Z"""
324972,EK1_A32LD0/PCGAPC1.CntVal1.actVal:BCR,"""2025-04-25T11:26:37.910Z"""
324973,EK1_A32LD0/PCGAPC1.CntVal1.actVal:BCR,"""2025-04-25T11:26:42.915Z"""
324974,EK1_A32LD0/PCGAPC1.CntVal1.actVal:BCR,"""2025-04-25T11:26:47.920Z"""
324974,EK1_A32LD0/PCGAPC1.CntVal1.actVal:BCR,"""2025-04-25T11:26:51.662Z"""
324975,EK1_A32LD0/PCGAPC1.CntVal1.actVal:BCR,"""2025-04-25T11:26:52.925Z"""
324976,EK1_A32LD0/PCGAPC1.CntVal1.actVal:BCR,"""2025-04-25T11:26:57.930Z"""
324977,EK1_A32LD0/PCGAPC1.CntVal1.actVal:BCR,"""2025-04-25T11:27:02.935Z"""
324978,EK1_A32LD0/PCGAPC1.CntVal1.actVal:BCR,"""2025-04-25T11:27:07.940Z"""
324979,EK1_A32LD0/PCGAPC1.CntVal1.actVal:BCR,"""2025-04-25T11:27:12.945Z"""
324980,EK1_A32LD0/PCGAPC1.CntVal1.actVal:BCR,"""2025-04-25T11:27:17.950Z"""
324981,EK1_A32LD0/PCGAPC1.CntVal1.actVal:BCR,"""2025-04-25T11:27:22.955Z"""
324982,EK1_A32LD0/PCGAPC1.CntVal1.actVal:BCR,"""2025-04-25T11:27:27.960Z"""
324983,EK1_A32LD0/PCGAPC1.CntVal1.actVal:BCR,"""2025-04-25T11:27:32.965Z"""
324984,EK1_A32LD0/PCGAPC1.CntVal1.actVal:BCR,"""2025-04-25T11:27:37.970Z"""
324985,EK1_A32LD0/PCGAPC1.CntVal1.actVal:BCR,"""2025-04-25T11:27:42.975Z"""
324986,EK1_A32LD0/PCGAPC1.CntVal1.actVal:BCR,"""2025-04-25T11:27:47.980Z"""
324986,EK1_A32LD0/PCGAPC1.CntVal1.actVal:BCR,"""2025-04-25T11:27:51.662Z"""
324987,EK1_A32LD0/PCGAPC1.CntVal1.actVal:BCR,"""2025-04-25T11:27:52.985Z"""
324988,EK1_A32LD0/PCGAPC1.CntVal1.actVal:BCR,"""2025-04-25T11:27:57.990Z"""
324989,EK1_A32LD0/PCGAPC1.CntVal1.actVal:BCR,"""2025-04-25T11:28:02.995Z"""
324990,EK1_A32LD0/PCGAPC1.CntVal1.actVal:BCR,"""2025-04-25T11:28:08.000Z"""
324991,EK1_A32LD0/PCGAPC1.CntVal1.actVal:BCR,"""2025-04-25T11:28:13.005Z"""
324992,EK1_A32LD0/PCGAPC1.CntVal1.actVal:BCR,"""2025-04-25T11:28:18.010Z"""
324993,EK1_A32LD0/PCGAPC1.CntVal1.actVal:BCR,"""2025-04-25T11:28:23.015Z"""
324994,EK1_A32LD0/PCGAPC1.CntVal1.actVal:BCR,"""2025-04-25T11:28:28.020Z"""
324995,EK1_A32LD0/PCGAPC1.CntVal1.actVal:BCR,"""2025-04-25T11:28:33.025Z"""
324996,EK1_A32LD0/PCGAPC1.CntVal1.actVal:BCR,"""2025-04-25T11:28:38.030Z"""
324997,EK1_A32LD0/PCGAPC1.CntVal1.actVal:BCR,"""2025-04-25T11:28:43.035Z"""
324998,EK1_A32LD0/PCGAPC1.CntVal1.actVal:BCR,"""2025-04-25T11:28:48.040Z"""
324998,EK1_A32LD0/PCGAPC1.CntVal1.actVal:BCR,"""2025-04-25T11:28:51.662Z"""
324999,EK1_A32LD0/PCGAPC1.CntVal1.actVal:BCR,"""2025-04-25T11:28:53.045Z"""
325000,EK1_A32LD0/PCGAPC1.CntVal1.actVal:BCR,"""2025-04-25T11:28:58.050Z"""
325001,EK1_A32LD0/PCGAPC1.CntVal1.actVal:BCR,"""2025-04-25T11:29:03.055Z"""
325002,EK1_A32LD0/PCGAPC1.CntVal1.actVal:BCR,"""2025-04-25T11:29:08.060Z"""
325003,EK1_A32LD0/PCGAPC1.CntVal1.actVal:BCR,"""2025-04-25T11:29:13.065Z"""
325004,EK1_A32LD0/PCGAPC1.CntVal1.actVal:BCR,"""2025-04-25T11:29:18.070Z"""
325005,EK1_A32LD0/PCGAPC1.CntVal1.actVal:BCR,"""2025-04-25T11:29:23.075Z"""
325006,EK1_A32LD0/PCGAPC1.CntVal1.actVal:BCR,"""2025-04-25T11:29:28.080Z"""
325007,EK1_A32LD0/PCGAPC1.CntVal1.actVal:BCR,"""2025-04-25T11:29:33.085Z"""
325008,EK1_A32LD0/PCGAPC1.CntVal1.actVal:BCR,"""2025-04-25T11:29:38.090Z"""
325009,EK1_A32LD0/PCGAPC1.CntVal1.actVal:BCR,"""2025-04-25T11:29:43.095Z"""
325010,EK1_A32LD0/PCGAPC1.CntVal1.actVal:BCR,"""2025-04-25T11:29:48.100Z"""
325010,EK1_A32LD0/PCGAPC1.CntVal1.actVal:BCR,"""2025-04-25T11:29:51.662Z"""
325011,EK1_A32LD0/PCGAPC1.CntVal1.actVal:BCR,"""2025-04-25T11:29:53.105Z"""
325012,EK1_A32LD0/PCGAPC1.CntVal1.actVal:BCR,"""2025-04-25T11:29:58.110Z"""
325013,EK1_A32LD0/PCGAPC1.CntVal1.actVal:BCR,"""2025-04-25T11:30:03.115Z"""
325014,EK1_A32LD0/PCGAPC1.CntVal1.actVal:BCR,"""2025-04-25T11:30:08.120Z"""
325015,EK1_A32LD0/PCGAPC1.CntVal1.actVal:BCR,"""2025-04-25T11:30:13.125Z"""
325016,EK1_A32LD0/PCGAPC1.CntVal1.actVal:BCR,"""2025-04-25T11:30:18.130Z"""
325017,EK1_A32LD0/PCGAPC1.CntVal1.actVal:BCR,"""2025-04-25T11:30:23.135Z"""
325018,EK1_A32LD0/PCGAPC1.CntVal1.actVal:BCR,"""2025-04-25T11:30:28.140Z"""
325019,EK1_A32LD0/PCGAPC1.CntVal1.actVal:BCR,"""2025-04-25T11:30:33.145Z"""
325020,EK1_A32LD0/PCGAPC1.CntVal1.actVal:BCR,"""2025-04-25T11:30:38.150Z"""
325021,EK1_A32LD0/PCGAPC1.CntVal1.actVal:BCR,"""2025-04-25T11:30:43.155Z"""
325022,EK1_A32LD0/PCGAPC1.CntVal1.actVal:BCR,"""2025-04-25T11:30:48.160Z"""
325022,EK1_A32LD0/PCGAPC1.CntVal1.actVal:BCR,"""2025-04-25T11:30:51.662Z"""
325023,EK1_A32LD0/PCGAPC1.CntVal1.actVal:BCR,"""2025-04-25T11:30:53.165Z"""
325024,EK1_A32LD0/PCGAPC1.CntVal1.actVal:BCR,"""2025-04-25T11:30:58.170Z"""
325025,EK1_A32LD0/PCGAPC1.CntVal1.actVal:BCR,"""2025-04-25T11:31:03.175Z"""
325026,EK1_A32LD0/PCGAPC1.CntVal1.actVal:BCR,"""2025-04-25T11:31:08.180Z"""
325027,EK1_A32LD0/PCGAPC1.CntVal1.actVal:BCR,"""2025-04-25T11:31:13.185Z"""
325028,EK1_A32LD0/PCGAPC1.CntVal1.actVal:BCR,"""2025-04-25T11:31:18.190Z"""
325029,EK1_A32LD0/PCGAPC1.CntVal1.actVal:BCR,"""2025-04-25T11:31:23.195Z"""
325030,EK1_A32LD0/PCGAPC1.CntVal1.actVal:BCR,"""2025-04-25T11:31:28.200Z"""
325031,EK1_A32LD0/PCGAPC1.CntVal1.actVal:BCR,"""2025-04-25T11:31:33.205Z"""
325032,EK1_A32LD0/PCGAPC1.CntVal1.actVal:BCR,"""2025-04-25T11:31:38.210Z"""
325033,EK1_A32LD0/PCGAPC1.CntVal1.actVal:BCR,"""2025-04-25T11:31:43.215Z"""
325034,EK1_A32LD0/PCGAPC1.CntVal1.actVal:BCR,"""2025-04-25T11:31:48.220Z"""
325034,EK1_A32LD0/PCGAPC1.CntVal1.actVal:BCR,"""2025-04-25T11:31:51.662Z"""
325035,EK1_A32LD0/PCGAPC1.CntVal1.actVal:BCR,"""2025-04-25T11:31:53.225Z"""
325036,EK1_A32LD0/PCGAPC1.CntVal1.actVal:BCR,"""2025-04-25T11:31:58.230Z"""
325037,EK1_A32LD0/PCGAPC1.CntVal1.actVal:BCR,"""2025-04-25T11:32:03.235Z"""
325038,EK1_A32LD0/PCGAPC1.CntVal1.actVal:BCR,"""2025-04-25T11:32:08.240Z"""
325039,EK1_A32LD0/PCGAPC1.CntVal1.actVal:BCR,"""2025-04-25T11:32:13.245Z"""
325040,EK1_A32LD0/PCGAPC1.CntVal1.actVal:BCR,"""2025-04-25T11:32:18.250Z"""
325041,EK1_A32LD0/PCGAPC1.CntVal1.actVal:BCR,"""2025-04-25T11:32:23.255Z"""
325042,EK1_A32LD0/PCGAPC1.CntVal1.actVal:BCR,"""2025-04-25T11:32:28.260Z"""
325043,EK1_A32LD0/PCGAPC1.CntVal1.actVal:BCR,"""2025-04-25T11:32:33.265Z"""
325044,EK1_A32LD0/PCGAPC1.CntVal1.actVal:BCR,"""2025-04-25T11:32:38.270Z"""
325045,EK1_A32LD0/PCGAPC1.CntVal1.actVal:BCR,"""2025-04-25T11:32:43.275Z"""
325046,EK1_A32LD0/PCGAPC1.CntVal1.actVal:BCR,"""2025-04-25T11:32:48.280Z"""
325046,EK1_A32LD0/PCGAPC1.CntVal1.actVal:BCR,"""2025-04-25T11:32:51.662Z"""
325047,EK1_A32LD0/PCGAPC1.CntVal1.actVal:BCR,"""2025-04-25T11:32:53.285Z"""
325048,EK1_A32LD0/PCGAPC1.CntVal1.actVal:BCR,"""2025-04-25T11:32:58.290Z"""
325049,EK1_A32LD0/PCGAPC1.CntVal1.actVal:BCR,"""2025-04-25T11:33:03.295Z"""
325050,EK1_A32LD0/PCGAPC1.CntVal1.actVal:BCR,"""2025-04-25T11:33:08.300Z"""
325051,EK1_A32LD0/PCGAPC1.CntVal1.actVal:BCR,"""2025-04-25T11:33:13.305Z"""
325052,EK1_A32LD0/PCGAPC1.CntVal1.actVal:BCR,"""2025-04-25T11:33:18.310Z"""
325053,EK1_A32LD0/PCGAPC1.CntVal1.actVal:BCR,"""2025-04-25T11:33:23.315Z"""
325054,EK1_A32LD0/PCGAPC1.CntVal1.actVal:BCR,"""2025-04-25T11:33:28.320Z"""
325055,EK1_A32LD0/PCGAPC1.CntVal1.actVal:BCR,"""2025-04-25T11:33:33.325Z"""
325056,EK1_A32LD0/PCGAPC1.CntVal1.actVal:BCR,"""2025-04-25T11:33:38.330Z"""
325057,EK1_A32LD0/PCGAPC1.CntVal1.actVal:BCR,"""2025-04-25T11:33:43.335Z"""
325058,EK1_A32LD0/PCGAPC1.CntVal1.actVal:BCR,"""2025-04-25T11:33:48.340Z"""
325058,EK1_A32LD0/PCGAPC1.CntVal1.actVal:BCR,"""2025-04-25T11:33:51.662Z"""
325059,EK1_A32LD0/PCGAPC1.CntVal1.actVal:BCR,"""2025-04-25T11:33:53.345Z"""
325060,EK1_A32LD0/PCGAPC1.CntVal1.actVal:BCR,"""2025-04-25T11:33:58.350Z"""
325061,EK1_A32LD0/PCGAPC1.CntVal1.actVal:BCR,"""2025-04-25T11:34:03.355Z"""
325062,EK1_A32LD0/PCGAPC1.CntVal1.actVal:BCR,"""2025-04-25T11:34:08.360Z"""
325063,EK1_A32LD0/PCGAPC1.CntVal1.actVal:BCR,"""2025-04-25T11:34:13.365Z"""
325064,EK1_A32LD0/PCGAPC1.CntVal1.actVal:BCR,"""2025-04-25T11:34:18.370Z"""
325065,EK1_A32LD0/PCGAPC1.CntVal1.actVal:BCR,"""2025-04-25T11:34:23.375Z"""
325066,EK1_A32LD0/PCGAPC1.CntVal1.actVal:BCR,"""2025-04-25T11:34:28.380Z"""
325067,EK1_A32LD0/PCGAPC1.CntVal1.actVal:BCR,"""2025-04-25T11:34:33.385Z"""
325068,EK1_A32LD0/PCGAPC1.CntVal1.actVal:BCR,"""2025-04-25T11:34:38.390Z"""
325069,EK1_A32LD0/PCGAPC1.CntVal1.actVal:BCR,"""2025-04-25T11:34:43.395Z"""
325070,EK1_A32LD0/PCGAPC1.CntVal1.actVal:BCR,"""2025-04-25T11:34:48.400Z"""
325070,EK1_A32LD0/PCGAPC1.CntVal1.actVal:BCR,"""2025-04-25T11:34:51.662Z"""
325071,EK1_A32LD0/PCGAPC1.CntVal1.actVal:BCR,"""2025-04-25T11:34:53.405Z"""
325072,EK1_A32LD0/PCGAPC1.CntVal1.actVal:BCR,"""2025-04-25T11:34:58.410Z"""
325073,EK1_A32LD0/PCGAPC1.CntVal1.actVal:BCR,"""2025-04-25T11:35:03.415Z"""
325074,EK1_A32LD0/PCGAPC1.CntVal1.actVal:BCR,"""2025-04-25T11:35:08.420Z"""
325075,EK1_A32LD0/PCGAPC1.CntVal1.actVal:BCR,"""2025-04-25T11:35:13.425Z"""
325076,EK1_A32LD0/PCGAPC1.CntVal1.actVal:BCR,"""2025-04-25T11:35:18.430Z"""
325077,EK1_A32LD0/PCGAPC1.CntVal1.actVal:BCR,"""2025-04-25T11:35:23.435Z"""
325078,EK1_A32LD0/PCGAPC1.CntVal1.actVal:BCR,"""2025-04-25T11:35:28.440Z"""
325079,EK1_A32LD0/PCGAPC1.CntVal1.actVal:BCR,"""2025-04-25T11:35:33.445Z"""
325080,EK1_A32LD0/PCGAPC1.CntVal1.actVal:BCR,"""2025-04-25T11:35:38.450Z"""
325081,EK1_A32LD0/PCGAPC1.CntVal1.actVal:BCR,"""2025-04-25T11:35:43.455Z"""
325082,EK1_A32LD0/PCGAPC1.CntVal1.actVal:BCR,"""2025-04-25T11:35:48.460Z"""
325082,EK1_A32LD0/PCGAPC1.CntVal1.actVal:BCR,"""2025-04-25T11:35:51.662Z"""
325083,EK1_A32LD0/PCGAPC1.CntVal1.actVal:BCR,"""2025-04-25T11:35:53.465Z"""
325084,EK1_A32LD0/PCGAPC1.CntVal1.actVal:BCR,"""2025-04-25T11:35:58.470Z"""
325085,EK1_A32LD0/PCGAPC1.CntVal1.actVal:BCR,"""2025-04-25T11:36:03.475Z"""
325086,EK1_A32LD0/PCGAPC1.CntVal1.actVal:BCR,"""2025-04-25T11:36:08.480Z"""
325087,EK1_A32LD0/PCGAPC1.CntVal1.actVal:BCR,"""2025-04-25T11:36:13.485Z"""
325088,EK1_A32LD0/PCGAPC1.CntVal1.actVal:BCR,"""2025-04-25T11:36:18.490Z"""
325089,EK1_A32LD0/PCGAPC1.CntVal1.actVal:BCR,"""2025-04-25T11:36:23.495Z"""
325090,EK1_A32LD0/PCGAPC1.CntVal1.actVal:BCR,"""2025-04-25T11:36:28.500Z"""
325091,EK1_A32LD0/PCGAPC1.CntVal1.actVal:BCR,"""2025-04-25T11:36:33.505Z"""
325092,EK1_A32LD0/PCGAPC1.CntVal1.actVal:BCR,"""2025-04-25T11:36:38.510Z"""
325093,EK1_A32LD0/PCGAPC1.CntVal1.actVal:BCR,"""2025-04-25T11:36:43.515Z"""
325094,EK1_A32LD0/PCGAPC1.CntVal1.actVal:BCR,"""2025-04-25T11:36:48.520Z"""
325094,EK1_A32LD0/PCGAPC1.CntVal1.actVal:BCR,"""2025-04-25T11:36:51.662Z"""
325095,EK1_A32LD0/PCGAPC1.CntVal1.actVal:BCR,"""2025-04-25T11:36:53.525Z"""
325096,EK1_A32LD0/PCGAPC1.CntVal1.actVal:BCR,"""2025-04-25T11:36:58.530Z"""
325097,EK1_A32LD0/PCGAPC1.CntVal1.actVal:BCR,"""2025-04-25T11:37:03.535Z"""
325098,EK1_A32LD0/PCGAPC1.CntVal1.actVal:BCR,"""2025-04-25T11:37:08.540Z"""
325099,EK1_A32LD0/PCGAPC1.CntVal1.actVal:BCR,"""2025-04-25T11:37:13.545Z"""
325100,EK1_A32LD0/PCGAPC1.CntVal1.actVal:BCR,"""2025-04-25T11:37:18.550Z"""
325101,EK1_A32LD0/PCGAPC1.CntVal1.actVal:BCR,"""2025-04-25T11:37:23.555Z"""
325102,EK1_A32LD0/PCGAPC1.CntVal1.actVal:BCR,"""2025-04-25T11:37:28.560Z"""
325103,EK1_A32LD0/PCGAPC1.CntVal1.actVal:BCR,"""2025-04-25T11:37:33.565Z"""
325104,EK1_A32LD0/PCGAPC1.CntVal1.actVal:BCR,"""2025-04-25T11:37:38.570Z"""
325105,EK1_A32LD0/PCGAPC1.CntVal1.actVal:BCR,"""2025-04-25T11:37:43.575Z"""
325106,EK1_A32LD0/PCGAPC1.CntVal1.actVal:BCR,"""2025-04-25T11:37:48.580Z"""
325106,EK1_A32LD0/PCGAPC1.CntVal1.actVal:BCR,"""2025-04-25T11:37:51.662Z"""
325107,EK1_A32LD0/PCGAPC1.CntVal1.actVal:BCR,"""2025-04-25T11:37:53.585Z"""
325108,EK1_A32LD0/PCGAPC1.CntVal1.actVal:BCR,"""2025-04-25T11:37:58.590Z"""
325109,EK1_A32LD0/PCGAPC1.CntVal1.actVal:BCR,"""2025-04-25T11:38:03.595Z"""
325110,EK1_A32LD0/PCGAPC1.CntVal1.actVal:BCR,"""2025-04-25T11:38:08.600Z"""
325111,EK1_A32LD0/PCGAPC1.CntVal1.actVal:BCR,"""2025-04-25T11:38:13.605Z"""
325112,EK1_A32LD0/PCGAPC1.CntVal1.actVal:BCR,"""2025-04-25T11:38:18.610Z"""
325113,EK1_A32LD0/PCGAPC1.CntVal1.actVal:BCR,"""2025-04-25T11:38:23.615Z"""
325114,EK1_A32LD0/PCGAPC1.CntVal1.actVal:BCR,"""2025-04-25T11:38:28.620Z"""
325115,EK1_A32LD0/PCGAPC1.CntVal1.actVal:BCR,"""2025-04-25T11:38:33.625Z"""
325116,EK1_A32LD0/PCGAPC1.CntVal1.actVal:BCR,"""2025-04-25T11:38:38.630Z"""
325117,EK1_A32LD0/PCGAPC1.CntVal1.actVal:BCR,"""2025-04-25T11:38:43.635Z"""
325118,EK1_A32LD0/PCGAPC1.CntVal1.actVal:BCR,"""2025-04-25T11:38:48.640Z"""
325118,EK1_A32LD0/PCGAPC1.CntVal1.actVal:BCR,"""2025-04-25T11:38:51.662Z"""
325119,EK1_A32LD0/PCGAPC1.CntVal1.actVal:BCR,"""2025-04-25T11:38:53.645Z"""
325120,EK1_A32LD0/PCGAPC1.CntVal1.actVal:BCR,"""2025-04-25T11:38:58.650Z"""
325121,EK1_A32LD0/PCGAPC1.CntVal1.actVal:BCR,"""2025-04-25T11:39:03.655Z"""
325122,EK1_A32LD0/PCGAPC1.CntVal1.actVal:BCR,"""2025-04-25T11:39:08.660Z"""
325123,EK1_A32LD0/PCGAPC1.CntVal1.actVal:BCR,"""2025-04-25T11:39:13.665Z"""
325124,EK1_A32LD0/PCGAPC1.CntVal1.actVal:BCR,"""2025-04-25T11:39:18.670Z"""
325125,EK1_A32LD0/PCGAPC1.CntVal1.actVal:BCR,"""2025-04-25T11:39:23.675Z"""
325126,EK1_A32LD0/PCGAPC1.CntVal1.actVal:BCR,"""2025-04-25T11:39:28.680Z"""
325127,EK1_A32LD0/PCGAPC1.CntVal1.actVal:BCR,"""2025-04-25T11:39:33.685Z"""
325128,EK1_A32LD0/PCGAPC1.CntVal1.actVal:BCR,"""2025-04-25T11:39:38.690Z"""
325129,EK1_A32LD0/PCGAPC1.CntVal1.actVal:BCR,"""2025-04-25T11:39:43.695Z"""
325130,EK1_A32LD0/PCGAPC1.CntVal1.actVal:BCR,"""2025-04-25T11:39:48.700Z"""
325130,EK1_A32LD0/PCGAPC1.CntVal1.actVal:BCR,"""2025-04-25T11:39:51.662Z"""
325131,EK1_A32LD0/PCGAPC1.CntVal1.actVal:BCR,"""2025-04-25T11:39:53.705Z"""
325132,EK1_A32LD0/PCGAPC1.CntVal1.actVal:BCR,"""2025-04-25T11:39:58.710Z"""
325133,EK1_A32LD0/PCGAPC1.CntVal1.actVal:BCR,"""2025-04-25T11:40:03.715Z"""
325134,EK1_A32LD0/PCGAPC1.CntVal1.actVal:BCR,"""2025-04-25T11:40:08.720Z"""
325135,EK1_A32LD0/PCGAPC1.CntVal1.actVal:BCR,"""2025-04-25T11:40:13.725Z"""
325136,EK1_A32LD0/PCGAPC1.CntVal1.actVal:BCR,"""2025-04-25T11:40:18.730Z"""
325137,EK1_A32LD0/PCGAPC1.CntVal1.actVal:BCR,"""2025-04-25T11:40:23.735Z"""
325138,EK1_A32LD0/PCGAPC1.CntVal1.actVal:BCR,"""2025-04-25T11:40:28.740Z"""
325139,EK1_A32LD0/PCGAPC1.CntVal1.actVal:BCR,"""2025-04-25T11:40:33.745Z"""
325140,EK1_A32LD0/PCGAPC1.CntVal1.actVal:BCR,"""2025-04-25T11:40:38.750Z"""
325141,EK1_A32LD0/PCGAPC1.CntVal1.actVal:BCR,"""2025-04-25T11:40:43.755Z"""
325142,EK1_A32LD0/PCGAPC1.CntVal1.actVal:BCR,"""2025-04-25T11:40:48.760Z"""
325142,EK1_A32LD0/PCGAPC1.CntVal1.actVal:BCR,"""2025-04-25T11:40:51.662Z"""
325143,EK1_A32LD0/PCGAPC1.CntVal1.actVal:BCR,"""2025-04-25T11:40:53.765Z"""
325144,EK1_A32LD0/PCGAPC1.CntVal1.actVal:BCR,"""2025-04-25T11:40:58.770Z"""
325145,EK1_A32LD0/PCGAPC1.CntVal1.actVal:BCR,"""2025-04-25T11:41:03.775Z"""
325146,EK1_A32LD0/PCGAPC1.CntVal1.actVal:BCR,"""2025-04-25T11:41:08.780Z"""
325147,EK1_A32LD0/PCGAPC1.CntVal1.actVal:BCR,"""2025-04-25T11:41:13.785Z"""
325148,EK1_A32LD0/PCGAPC1.CntVal1.actVal:BCR,"""2025-04-25T11:41:18.790Z"""
325149,EK1_A32LD0/PCGAPC1.CntVal1.actVal:BCR,"""2025-04-25T11:41:23.795Z"""
325150,EK1_A32LD0/PCGAPC1.CntVal1.actVal:BCR,"""2025-04-25T11:41:28.800Z"""
325151,EK1_A32LD0/PCGAPC1.CntVal1.actVal:BCR,"""2025-04-25T11:41:33.805Z"""
325152,EK1_A32LD0/PCGAPC1.CntVal1.actVal:BCR,"""2025-04-25T11:41:38.810Z"""
325153,EK1_A32LD0/PCGAPC1.CntVal1.actVal:BCR,"""2025-04-25T11:41:43.815Z"""
325154,EK1_A32LD0/PCGAPC1.CntVal1.actVal:BCR,"""2025-04-25T11:41:48.820Z"""
325154,EK1_A32LD0/PCGAPC1.CntVal1.actVal:BCR,"""2025-04-25T11:41:51.662Z"""
325155,EK1_A32LD0/PCGAPC1.CntVal1.actVal:BCR,"""2025-04-25T11:41:53.825Z"""
325156,EK1_A32LD0/PCGAPC1.CntVal1.actVal:BCR,"""2025-04-25T11:41:58.830Z"""
325157,EK1_A32LD0/PCGAPC1.CntVal1.actVal:BCR,"""2025-04-25T11:42:03.835Z"""
325158,EK1_A32LD0/PCGAPC1.CntVal1.actVal:BCR,"""2025-04-25T11:42:08.840Z"""
325159,EK1_A32LD0/PCGAPC1.CntVal1.actVal:BCR,"""2025-04-25T11:42:13.845Z"""
325160,EK1_A32LD0/PCGAPC1.CntVal1.actVal:BCR,"""2025-04-25T11:42:18.850Z"""
325161,EK1_A32LD0/PCGAPC1.CntVal1.actVal:BCR,"""2025-04-25T11:42:23.855Z"""
325162,EK1_A32LD0/PCGAPC1.CntVal1.actVal:BCR,"""2025-04-25T11:42:28.860Z"""
325163,EK1_A32LD0/PCGAPC1.CntVal1.actVal:BCR,"""2025-04-25T11:42:33.865Z"""
325164,EK1_A32LD0/PCGAPC1.CntVal1.actVal:BCR,"""2025-04-25T11:42:38.870Z"""
325165,EK1_A32LD0/PCGAPC1.CntVal1.actVal:BCR,"""2025-04-25T11:42:43.875Z"""
325166,EK1_A32LD0/PCGAPC1.CntVal1.actVal:BCR,"""2025-04-25T11:42:48.880Z"""
325166,EK1_A32LD0/PCGAPC1.CntVal1.actVal:BCR,"""2025-04-25T11:42:51.662Z"""
325167,EK1_A32LD0/PCGAPC1.CntVal1.actVal:BCR,"""2025-04-25T11:42:53.885Z"""
325168,EK1_A32LD0/PCGAPC1.CntVal1.actVal:BCR,"""2025-04-25T11:42:58.890Z"""
325169,EK1_A32LD0/PCGAPC1.CntVal1.actVal:BCR,"""2025-04-25T11:43:03.895Z"""
325170,EK1_A32LD0/PCGAPC1.CntVal1.actVal:BCR,"""2025-04-25T11:43:08.900Z"""
325171,EK1_A32LD0/PCGAPC1.CntVal1.actVal:BCR,"""2025-04-25T11:43:13.905Z"""
325172,EK1_A32LD0/PCGAPC1.CntVal1.actVal:BCR,"""2025-04-25T11:43:18.910Z"""
325173,EK1_A32LD0/PCGAPC1.CntVal1.actVal:BCR,"""2025-04-25T11:43:23.915Z"""
325174,EK1_A32LD0/PCGAPC1.CntVal1.actVal:BCR,"""2025-04-25T11:43:28.920Z"""
325175,EK1_A32LD0/PCGAPC1.CntVal1.actVal:BCR,"""2025-04-25T11:43:33.925Z"""
325176,EK1_A32LD0/PCGAPC1.CntVal1.actVal:BCR,"""2025-04-25T11:43:38.930Z"""
325177,EK1_A32LD0/PCGAPC1.CntVal1.actVal:BCR,"""2025-04-25T11:43:43.935Z"""
325178,EK1_A32LD0/PCGAPC1.CntVal1.actVal:BCR,"""2025-04-25T11:43:48.940Z"""
325178,EK1_A32LD0/PCGAPC1.CntVal1.actVal:BCR,"""2025-04-25T11:43:51.662Z"""
325179,EK1_A32LD0/PCGAPC1.CntVal1.actVal:BCR,"""2025-04-25T11:43:53.945Z"""
325180,EK1_A32LD0/PCGAPC1.CntVal1.actVal:BCR,"""2025-04-25T11:43:58.950Z"""
325181,EK1_A32LD0/PCGAPC1.CntVal1.actVal:BCR,"""2025-04-25T11:44:03.955Z"""
325182,EK1_A32LD0/PCGAPC1.CntVal1.actVal:BCR,"""2025-04-25T11:44:08.960Z"""
325183,EK1_A32LD0/PCGAPC1.CntVal1.actVal:BCR,"""2025-04-25T11:44:13.965Z"""
325184,EK1_A32LD0/PCGAPC1.CntVal1.actVal:BCR,"""2025-04-25T11:44:18.970Z"""
325185,EK1_A32LD0/PCGAPC1.CntVal1.actVal:BCR,"""2025-04-25T11:44:23.975Z"""
325186,EK1_A32LD0/PCGAPC1.CntVal1.actVal:BCR,"""2025-04-25T11:44:28.980Z"""
325187,EK1_A32LD0/PCGAPC1.CntVal1.actVal:BCR,"""2025-04-25T11:44:33.985Z"""
325188,EK1_A32LD0/PCGAPC1.CntVal1.actVal:BCR,"""2025-04-25T11:44:38.990Z"""
325189,EK1_A32LD0/PCGAPC1.CntVal1.actVal:BCR,"""2025-04-25T11:44:43.995Z"""
325190,EK1_A32LD0/PCGAPC1.CntVal1.actVal:BCR,"""2025-04-25T11:44:49.000Z"""
325190,EK1_A32LD0/PCGAPC1.CntVal1.actVal:BCR,"""2025-04-25T11:44:51.662Z"""
325191,EK1_A32LD0/PCGAPC1.CntVal1.actVal:BCR,"""2025-04-25T11:44:54.005Z"""
325192,EK1_A32LD0/PCGAPC1.CntVal1.actVal:BCR,"""2025-04-25T11:44:59.010Z"""
325193,EK1_A32LD0/PCGAPC1.CntVal1.actVal:BCR,"""2025-04-25T11:45:04.015Z"""
325194,EK1_A32LD0/PCGAPC1.CntVal1.actVal:BCR,"""2025-04-25T11:45:09.020Z"""
325195,EK1_A32LD0/PCGAPC1.CntVal1.actVal:BCR,"""2025-04-25T11:45:14.025Z"""
325196,EK1_A32LD0/PCGAPC1.CntVal1.actVal:BCR,"""2025-04-25T11:45:19.030Z"""
325197,EK1_A32LD0/PCGAPC1.CntVal1.actVal:BCR,"""2025-04-25T11:45:24.035Z"""
325198,EK1_A32LD0/PCGAPC1.CntVal1.actVal:BCR,"""2025-04-25T11:45:29.040Z"""
325199,EK1_A32LD0/PCGAPC1.CntVal1.actVal:BCR,"""2025-04-25T11:45:34.045Z"""
325200,EK1_A32LD0/PCGAPC1.CntVal1.actVal:BCR,"""2025-04-25T11:45:39.050Z"""
325201,EK1_A32LD0/PCGAPC1.CntVal1.actVal:BCR,"""2025-04-25T11:45:44.055Z"""
325202,EK1_A32LD0/PCGAPC1.CntVal1.actVal:BCR,"""2025-04-25T11:45:49.060Z"""
325202,EK1_A32LD0/PCGAPC1.CntVal1.actVal:BCR,"""2025-04-25T11:45:51.662Z"""
325203,EK1_A32LD0/PCGAPC1.CntVal1.actVal:BCR,"""2025-04-25T11:45:54.065Z"""
325204,EK1_A32LD0/PCGAPC1.CntVal1.actVal:BCR,"""2025-04-25T11:45:59.070Z"""
325205,EK1_A32LD0/PCGAPC1.CntVal1.actVal:BCR,"""2025-04-25T11:46:04.075Z"""
325206,EK1_A32LD0/PCGAPC1.CntVal1.actVal:BCR,"""2025-04-25T11:46:09.080Z"""
325207,EK1_A32LD0/PCGAPC1.CntVal1.actVal:BCR,"""2025-04-25T11:46:14.085Z"""
325208,EK1_A32LD0/PCGAPC1.CntVal1.actVal:BCR,"""2025-04-25T11:46:19.090Z"""
325209,EK1_A32LD0/PCGAPC1.CntVal1.actVal:BCR,"""2025-04-25T11:46:24.095Z"""
325210,EK1_A32LD0/PCGAPC1.CntVal1.actVal:BCR,"""2025-04-25T11:46:29.100Z"""
325211,EK1_A32LD0/PCGAPC1.CntVal1.actVal:BCR,"""2025-04-25T11:46:34.105Z"""
325212,EK1_A32LD0/PCGAPC1.CntVal1.actVal:BCR,"""2025-04-25T11:46:39.110Z"""
325213,EK1_A32LD0/PCGAPC1.CntVal1.actVal:BCR,"""2025-04-25T11:46:44.115Z"""
325214,EK1_A32LD0/PCGAPC1.CntVal1.actVal:BCR,"""2025-04-25T11:46:49.120Z"""
325214,EK1_A32LD0/PCGAPC1.CntVal1.actVal:BCR,"""2025-04-25T11:46:51.662Z"""
325215,EK1_A32LD0/PCGAPC1.CntVal1.actVal:BCR,"""2025-04-25T11:46:54.125Z"""
325216,EK1_A32LD0/PCGAPC1.CntVal1.actVal:BCR,"""2025-04-25T11:46:59.130Z"""
325217,EK1_A32LD0/PCGAPC1.CntVal1.actVal:BCR,"""2025-04-25T11:47:04.135Z"""
325218,EK1_A32LD0/PCGAPC1.CntVal1.actVal:BCR,"""2025-04-25T11:47:09.140Z"""
325219,EK1_A32LD0/PCGAPC1.CntVal1.actVal:BCR,"""2025-04-25T11:47:14.145Z"""
325220,EK1_A32LD0/PCGAPC1.CntVal1.actVal:BCR,"""2025-04-25T11:47:19.150Z"""
325221,EK1_A32LD0/PCGAPC1.CntVal1.actVal:BCR,"""2025-04-25T11:47:24.155Z"""
325222,EK1_A32LD0/PCGAPC1.CntVal1.actVal:BCR,"""2025-04-25T11:47:29.160Z"""
325223,EK1_A32LD0/PCGAPC1.CntVal1.actVal:BCR,"""2025-04-25T11:47:34.165Z"""
325224,EK1_A32LD0/PCGAPC1.CntVal1.actVal:BCR,"""2025-04-25T11:47:39.170Z"""
325225,EK1_A32LD0/PCGAPC1.CntVal1.actVal:BCR,"""2025-04-25T11:47:44.175Z"""
325226,EK1_A32LD0/PCGAPC1.CntVal1.actVal:BCR,"""2025-04-25T11:47:49.180Z"""
325226,EK1_A32LD0/PCGAPC1.CntVal1.actVal:BCR,"""2025-04-25T11:47:51.662Z"""
325227,EK1_A32LD0/PCGAPC1.CntVal1.actVal:BCR,"""2025-04-25T11:47:54.185Z"""
325228,EK1_A32LD0/PCGAPC1.CntVal1.actVal:BCR,"""2025-04-25T11:47:59.190Z"""
325229,EK1_A32LD0/PCGAPC1.CntVal1.actVal:BCR,"""2025-04-25T11:48:04.195Z"""
325230,EK1_A32LD0/PCGAPC1.CntVal1.actVal:BCR,"""2025-04-25T11:48:09.200Z"""
325231,EK1_A32LD0/PCGAPC1.CntVal1.actVal:BCR,"""2025-04-25T11:48:14.205Z"""
325232,EK1_A32LD0/PCGAPC1.CntVal1.actVal:BCR,"""2025-04-25T11:48:19.210Z"""
325233,EK1_A32LD0/PCGAPC1.CntVal1.actVal:BCR,"""2025-04-25T11:48:24.215Z"""
325234,EK1_A32LD0/PCGAPC1.CntVal1.actVal:BCR,"""2025-04-25T11:48:29.220Z"""
325235,EK1_A32LD0/PCGAPC1.CntVal1.actVal:BCR,"""2025-04-25T11:48:34.225Z"""
325236,EK1_A32LD0/PCGAPC1.CntVal1.actVal:BCR,"""2025-04-25T11:48:39.230Z"""
325237,EK1_A32LD0/PCGAPC1.CntVal1.actVal:BCR,"""2025-04-25T11:48:44.235Z"""
325238,EK1_A32LD0/PCGAPC1.CntVal1.actVal:BCR,"""2025-04-25T11:48:49.240Z"""
325238,EK1_A32LD0/PCGAPC1.CntVal1.actVal:BCR,"""2025-04-25T11:48:51.662Z"""
325239,EK1_A32LD0/PCGAPC1.CntVal1.actVal:BCR,"""2025-04-25T11:48:54.245Z"""
325240,EK1_A32LD0/PCGAPC1.CntVal1.actVal:BCR,"""2025-04-25T11:48:59.250Z"""
325241,EK1_A32LD0/PCGAPC1.CntVal1.actVal:BCR,"""2025-04-25T11:49:04.255Z"""
325242,EK1_A32LD0/PCGAPC1.CntVal1.actVal:BCR,"""2025-04-25T11:49:09.260Z"""
325243,EK1_A32LD0/PCGAPC1.CntVal1.actVal:BCR,"""2025-04-25T11:49:14.265Z"""
325244,EK1_A32LD0/PCGAPC1.CntVal1.actVal:BCR,"""2025-04-25T11:49:19.270Z"""
325245,EK1_A32LD0/PCGAPC1.CntVal1.actVal:BCR,"""2025-04-25T11:49:24.275Z"""
325246,EK1_A32LD0/PCGAPC1.CntVal1.actVal:BCR,"""2025-04-25T11:49:29.280Z"""
325247,EK1_A32LD0/PCGAPC1.CntVal1.actVal:BCR,"""2025-04-25T11:49:34.285Z"""
325248,EK1_A32LD0/PCGAPC1.CntVal1.actVal:BCR,"""2025-04-25T11:49:39.290Z"""
325249,EK1_A32LD0/PCGAPC1.CntVal1.actVal:BCR,"""2025-04-25T11:49:44.295Z"""
325250,EK1_A32LD0/PCGAPC1.CntVal1.actVal:BCR,"""2025-04-25T11:49:49.300Z"""
325250,EK1_A32LD0/PCGAPC1.CntVal1.actVal:BCR,"""2025-04-25T11:49:51.662Z"""
325251,EK1_A32LD0/PCGAPC1.CntVal1.actVal:BCR,"""2025-04-25T11:49:54.305Z"""
325252,EK1_A32LD0/PCGAPC1.CntVal1.actVal:BCR,"""2025-04-25T11:49:59.310Z"""
325253,EK1_A32LD0/PCGAPC1.CntVal1.actVal:BCR,"""2025-04-25T11:50:04.315Z"""
325254,EK1_A32LD0/PCGAPC1.CntVal1.actVal:BCR,"""2025-04-25T11:50:09.320Z"""
325255,EK1_A32LD0/PCGAPC1.CntVal1.actVal:BCR,"""2025-04-25T11:50:14.325Z"""
325256,EK1_A32LD0/PCGAPC1.CntVal1.actVal:BCR,"""2025-04-25T11:50:19.330Z"""
325257,EK1_A32LD0/PCGAPC1.CntVal1.actVal:BCR,"""2025-04-25T11:50:24.335Z"""
325258,EK1_A32LD0/PCGAPC1.CntVal1.actVal:BCR,"""2025-04-25T11:50:29.340Z"""
325259,EK1_A32LD0/PCGAPC1.CntVal1.actVal:BCR,"""2025-04-25T11:50:34.345Z"""
325260,EK1_A32LD0/PCGAPC1.CntVal1.actVal:BCR,"""2025-04-25T11:50:39.350Z"""
325261,EK1_A32LD0/PCGAPC1.CntVal1.actVal:BCR,"""2025-04-25T11:50:44.355Z"""
325262,EK1_A32LD0/PCGAPC1.CntVal1.actVal:BCR,"""2025-04-25T11:50:49.360Z"""
325262,EK1_A32LD0/PCGAPC1.CntVal1.actVal:BCR,"""2025-04-25T11:50:51.662Z"""
325263,EK1_A32LD0/PCGAPC1.CntVal1.actVal:BCR,"""2025-04-25T11:50:54.365Z"""
325264,EK1_A32LD0/PCGAPC1.CntVal1.actVal:BCR,"""2025-04-25T11:50:59.370Z"""
325265,EK1_A32LD0/PCGAPC1.CntVal1.actVal:BCR,"""2025-04-25T11:51:04.375Z"""
325266,EK1_A32LD0/PCGAPC1.CntVal1.actVal:BCR,"""2025-04-25T11:51:09.380Z"""
325267,EK1_A32LD0/PCGAPC1.CntVal1.actVal:BCR,"""2025-04-25T11:51:14.385Z"""
325268,EK1_A32LD0/PCGAPC1.CntVal1.actVal:BCR,"""2025-04-25T11:51:19.390Z"""
325269,EK1_A32LD0/PCGAPC1.CntVal1.actVal:BCR,"""2025-04-25T11:51:24.395Z"""
325270,EK1_A32LD0/PCGAPC1.CntVal1.actVal:BCR,"""2025-04-25T11:51:29.400Z"""
325271,EK1_A32LD0/PCGAPC1.CntVal1.actVal:BCR,"""2025-04-25T11:51:34.405Z"""
325272,EK1_A32LD0/PCGAPC1.CntVal1.actVal:BCR,"""2025-04-25T11:51:39.410Z"""
325273,EK1_A32LD0/PCGAPC1.CntVal1.actVal:BCR,"""2025-04-25T11:51:44.415Z"""
325274,EK1_A32LD0/PCGAPC1.CntVal1.actVal:BCR,"""2025-04-25T11:51:49.420Z"""
325274,EK1_A32LD0/PCGAPC1.CntVal1.actVal:BCR,"""2025-04-25T11:51:51.662Z"""
325275,EK1_A32LD0/PCGAPC1.CntVal1.actVal:BCR,"""2025-04-25T11:51:54.425Z"""
325276,EK1_A32LD0/PCGAPC1.CntVal1.actVal:BCR,"""2025-04-25T11:51:59.430Z"""
325277,EK1_A32LD0/PCGAPC1.CntVal1.actVal:BCR,"""2025-04-25T11:52:04.435Z"""
325278,EK1_A32LD0/PCGAPC1.CntVal1.actVal:BCR,"""2025-04-25T11:52:09.440Z"""
325279,EK1_A32LD0/PCGAPC1.CntVal1.actVal:BCR,"""2025-04-25T11:52:14.445Z"""
325280,EK1_A32LD0/PCGAPC1.CntVal1.actVal:BCR,"""2025-04-25T11:52:19.450Z"""
325281,EK1_A32LD0/PCGAPC1.CntVal1.actVal:BCR,"""2025-04-25T11:52:24.455Z"""
325282,EK1_A32LD0/PCGAPC1.CntVal1.actVal:BCR,"""2025-04-25T11:52:29.460Z"""
325283,EK1_A32LD0/PCGAPC1.CntVal1.actVal:BCR,"""2025-04-25T11:52:34.465Z"""
325284,EK1_A32LD0/PCGAPC1.CntVal1.actVal:BCR,"""2025-04-25T11:52:39.470Z"""
325285,EK1_A32LD0/PCGAPC1.CntVal1.actVal:BCR,"""2025-04-25T11:52:44.475Z"""
325286,EK1_A32LD0/PCGAPC1.CntVal1.actVal:BCR,"""2025-04-25T11:52:49.480Z"""
325286,EK1_A32LD0/PCGAPC1.CntVal1.actVal:BCR,"""2025-04-25T11:52:51.662Z"""
325287,EK1_A32LD0/PCGAPC1.CntVal1.actVal:BCR,"""2025-04-25T11:52:54.485Z"""
325288,EK1_A32LD0/PCGAPC1.CntVal1.actVal:BCR,"""2025-04-25T11:52:59.490Z"""
325289,EK1_A32LD0/PCGAPC1.CntVal1.actVal:BCR,"""2025-04-25T11:53:04.495Z"""
325290,EK1_A32LD0/PCGAPC1.CntVal1.actVal:BCR,"""2025-04-25T11:53:09.500Z"""
325291,EK1_A32LD0/PCGAPC1.CntVal1.actVal:BCR,"""2025-04-25T11:53:14.505Z"""
325292,EK1_A32LD0/PCGAPC1.CntVal1.actVal:BCR,"""2025-04-25T11:53:19.510Z"""
325293,EK1_A32LD0/PCGAPC1.CntVal1.actVal:BCR,"""2025-04-25T11:53:24.515Z"""
325294,EK1_A32LD0/PCGAPC1.CntVal1.actVal:BCR,"""2025-04-25T11:53:29.520Z"""
325295,EK1_A32LD0/PCGAPC1.CntVal1.actVal:BCR,"""2025-04-25T11:53:34.525Z"""
325296,EK1_A32LD0/PCGAPC1.CntVal1.actVal:BCR,"""2025-04-25T11:53:39.530Z"""
325297,EK1_A32LD0/PCGAPC1.CntVal1.actVal:BCR,"""2025-04-25T11:53:44.535Z"""
325298,EK1_A32LD0/PCGAPC1.CntVal1.actVal:BCR,"""2025-04-25T11:53:49.540Z"""
325298,EK1_A32LD0/PCGAPC1.CntVal1.actVal:BCR,"""2025-04-25T11:53:51.662Z"""
325299,EK1_A32LD0/PCGAPC1.CntVal1.actVal:BCR,"""2025-04-25T11:53:54.545Z"""
325300,EK1_A32LD0/PCGAPC1.CntVal1.actVal:BCR,"""2025-04-25T11:53:59.550Z"""
325301,EK1_A32LD0/PCGAPC1.CntVal1.actVal:BCR,"""2025-04-25T11:54:04.555Z"""
325302,EK1_A32LD0/PCGAPC1.CntVal1.actVal:BCR,"""2025-04-25T11:54:09.560Z"""
325303,EK1_A32LD0/PCGAPC1.CntVal1.actVal:BCR,"""2025-04-25T11:54:14.565Z"""
325304,EK1_A32LD0/PCGAPC1.CntVal1.actVal:BCR,"""2025-04-25T11:54:19.570Z"""
325305,EK1_A32LD0/PCGAPC1.CntVal1.actVal:BCR,"""2025-04-25T11:54:24.575Z"""
325306,EK1_A32LD0/PCGAPC1.CntVal1.actVal:BCR,"""2025-04-25T11:54:29.580Z"""
325307,EK1_A32LD0/PCGAPC1.CntVal1.actVal:BCR,"""2025-04-25T11:54:34.585Z"""
325308,EK1_A32LD0/PCGAPC1.CntVal1.actVal:BCR,"""2025-04-25T11:54:39.590Z"""
325309,EK1_A32LD0/PCGAPC1.CntVal1.actVal:BCR,"""2025-04-25T11:54:44.595Z"""
325310,EK1_A32LD0/PCGAPC1.CntVal1.actVal:BCR,"""2025-04-25T11:54:49.600Z"""
325310,EK1_A32LD0/PCGAPC1.CntVal1.actVal:BCR,"""2025-04-25T11:54:51.662Z"""
325311,EK1_A32LD0/PCGAPC1.CntVal1.actVal:BCR,"""2025-04-25T11:54:54.605Z"""
325312,EK1_A32LD0/PCGAPC1.CntVal1.actVal:BCR,"""2025-04-25T11:54:59.610Z"""
325313,EK1_A32LD0/PCGAPC1.CntVal1.actVal:BCR,"""2025-04-25T11:55:04.615Z"""
325314,EK1_A32LD0/PCGAPC1.CntVal1.actVal:BCR,"""2025-04-25T11:55:09.620Z"""
325315,EK1_A32LD0/PCGAPC1.CntVal1.actVal:BCR,"""2025-04-25T11:55:14.625Z"""
325316,EK1_A32LD0/PCGAPC1.CntVal1.actVal:BCR,"""2025-04-25T11:55:19.630Z"""
325317,EK1_A32LD0/PCGAPC1.CntVal1.actVal:BCR,"""2025-04-25T11:55:24.635Z"""
325318,EK1_A32LD0/PCGAPC1.CntVal1.actVal:BCR,"""2025-04-25T11:55:29.640Z"""
325319,EK1_A32LD0/PCGAPC1.CntVal1.actVal:BCR,"""2025-04-25T11:55:34.645Z"""
325320,EK1_A32LD0/PCGAPC1.CntVal1.actVal:BCR,"""2025-04-25T11:55:39.650Z"""
325321,EK1_A32LD0/PCGAPC1.CntVal1.actVal:BCR,"""2025-04-25T11:55:44.655Z"""
325322,EK1_A32LD0/PCGAPC1.CntVal1.actVal:BCR,"""2025-04-25T11:55:49.660Z"""
325322,EK1_A32LD0/PCGAPC1.CntVal1.actVal:BCR,"""2025-04-25T11:55:51.662Z"""
325323,EK1_A32LD0/PCGAPC1.CntVal1.actVal:BCR,"""2025-04-25T11:55:54.665Z"""
325324,EK1_A32LD0/PCGAPC1.CntVal1.actVal:BCR,"""2025-04-25T11:55:59.670Z"""
325325,EK1_A32LD0/PCGAPC1.CntVal1.actVal:BCR,"""2025-04-25T11:56:04.675Z"""
325326,EK1_A32LD0/PCGAPC1.CntVal1.actVal:BCR,"""2025-04-25T11:56:09.680Z"""
325327,EK1_A32LD0/PCGAPC1.CntVal1.actVal:BCR,"""2025-04-25T11:56:14.685Z"""
325328,EK1_A32LD0/PCGAPC1.CntVal1.actVal:BCR,"""2025-04-25T11:56:19.690Z"""
325329,EK1_A32LD0/PCGAPC1.CntVal1.actVal:BCR,"""2025-04-25T11:56:24.695Z"""
325330,EK1_A32LD0/PCGAPC1.CntVal1.actVal:BCR,"""2025-04-25T11:56:29.700Z"""
325331,EK1_A32LD0/PCGAPC1.CntVal1.actVal:BCR,"""2025-04-25T11:56:34.705Z"""
325332,EK1_A32LD0/PCGAPC1.CntVal1.actVal:BCR,"""2025-04-25T11:56:39.710Z"""
325333,EK1_A32LD0/PCGAPC1.CntVal1.actVal:BCR,"""2025-04-25T11:56:44.715Z"""
325334,EK1_A32LD0/PCGAPC1.CntVal1.actVal:BCR,"""2025-04-25T11:56:49.720Z"""
325334,EK1_A32LD0/PCGAPC1.CntVal1.actVal:BCR,"""2025-04-25T11:56:51.662Z"""
325335,EK1_A32LD0/PCGAPC1.CntVal1.actVal:BCR,"""2025-04-25T11:56:54.725Z"""
325336,EK1_A32LD0/PCGAPC1.CntVal1.actVal:BCR,"""2025-04-25T11:56:59.730Z"""
325337,EK1_A32LD0/PCGAPC1.CntVal1.actVal:BCR,"""2025-04-25T11:57:04.735Z"""
325338,EK1_A32LD0/PCGAPC1.CntVal1.actVal:BCR,"""2025-04-25T11:57:09.740Z"""
325339,EK1_A32LD0/PCGAPC1.CntVal1.actVal:BCR,"""2025-04-25T11:57:14.745Z"""
325340,EK1_A32LD0/PCGAPC1.CntVal1.actVal:BCR,"""2025-04-25T11:57:19.750Z"""
325341,EK1_A32LD0/PCGAPC1.CntVal1.actVal:BCR,"""2025-04-25T11:57:24.755Z"""
325342,EK1_A32LD0/PCGAPC1.CntVal1.actVal:BCR,"""2025-04-25T11:57:29.760Z"""
325343,EK1_A32LD0/PCGAPC1.CntVal1.actVal:BCR,"""2025-04-25T11:57:34.765Z"""
325344,EK1_A32LD0/PCGAPC1.CntVal1.actVal:BCR,"""2025-04-25T11:57:39.770Z"""
325345,EK1_A32LD0/PCGAPC1.CntVal1.actVal:BCR,"""2025-04-25T11:57:44.775Z"""
325346,EK1_A32LD0/PCGAPC1.CntVal1.actVal:BCR,"""2025-04-25T11:57:49.780Z"""
325346,EK1_A32LD0/PCGAPC1.CntVal1.actVal:BCR,"""2025-04-25T11:57:51.662Z"""
325347,EK1_A32LD0/PCGAPC1.CntVal1.actVal:BCR,"""2025-04-25T11:57:54.785Z"""
325348,EK1_A32LD0/PCGAPC1.CntVal1.actVal:BCR,"""2025-04-25T11:57:59.790Z"""
325349,EK1_A32LD0/PCGAPC1.CntVal1.actVal:BCR,"""2025-04-25T11:58:04.795Z"""
325350,EK1_A32LD0/PCGAPC1.CntVal1.actVal:BCR,"""2025-04-25T11:58:09.800Z"""
325351,EK1_A32LD0/PCGAPC1.CntVal1.actVal:BCR,"""2025-04-25T11:58:14.805Z"""
325352,EK1_A32LD0/PCGAPC1.CntVal1.actVal:BCR,"""2025-04-25T11:58:19.810Z"""
325353,EK1_A32LD0/PCGAPC1.CntVal1.actVal:BCR,"""2025-04-25T11:58:24.815Z"""
325354,EK1_A32LD0/PCGAPC1.CntVal1.actVal:BCR,"""2025-04-25T11:58:29.820Z"""
325355,EK1_A32LD0/PCGAPC1.CntVal1.actVal:BCR,"""2025-04-25T11:58:34.825Z"""
325356,EK1_A32LD0/PCGAPC1.CntVal1.actVal:BCR,"""2025-04-25T11:58:39.830Z"""
325357,EK1_A32LD0/PCGAPC1.CntVal1.actVal:BCR,"""2025-04-25T11:58:44.835Z"""
325358,EK1_A32LD0/PCGAPC1.CntVal1.actVal:BCR,"""2025-04-25T11:58:49.840Z"""
325358,EK1_A32LD0/PCGAPC1.CntVal1.actVal:BCR,"""2025-04-25T11:58:51.662Z"""
325359,EK1_A32LD0/PCGAPC1.CntVal1.actVal:BCR,"""2025-04-25T11:58:54.845Z"""
325360,EK1_A32LD0/PCGAPC1.CntVal1.actVal:BCR,"""2025-04-25T11:58:59.850Z"""
325361,EK1_A32LD0/PCGAPC1.CntVal1.actVal:BCR,"""2025-04-25T11:59:04.855Z"""
325362,EK1_A32LD0/PCGAPC1.CntVal1.actVal:BCR,"""2025-04-25T11:59:09.860Z"""
325363,EK1_A32LD0/PCGAPC1.CntVal1.actVal:BCR,"""2025-04-25T11:59:14.865Z"""
325364,EK1_A32LD0/PCGAPC1.CntVal1.actVal:BCR,"""2025-04-25T11:59:19.870Z"""
325365,EK1_A32LD0/PCGAPC1.CntVal1.actVal:BCR,"""2025-04-25T11:59:24.875Z"""
325366,EK1_A32LD0/PCGAPC1.CntVal1.actVal:BCR,"""2025-04-25T11:59:29.880Z"""
325367,EK1_A32LD0/PCGAPC1.CntVal1.actVal:BCR,"""2025-04-25T11:59:34.885Z"""
325368,EK1_A32LD0/PCGAPC1.CntVal1.actVal:BCR,"""2025-04-25T11:59:39.890Z"""
325369,EK1_A32LD0/PCGAPC1.CntVal1.actVal:BCR,"""2025-04-25T11:59:44.895Z"""
325370,EK1_A32LD0/PCGAPC1.CntVal1.actVal:BCR,"""2025-04-25T11:59:49.900Z"""
325370,EK1_A32LD0/PCGAPC1.CntVal1.actVal:BCR,"""2025-04-25T11:59:51.662Z"""
325371,EK1_A32LD0/PCGAPC1.CntVal1.actVal:BCR,"""2025-04-25T11:59:54.905Z"""
325372,EK1_A32LD0/PCGAPC1.CntVal1.actVal:BCR,"""2025-04-25T11:59:59.910Z"""
325373,EK1_A32LD0/PCGAPC1.CntVal1.actVal:BCR,"""2025-04-25T12:00:04.915Z"""
325374,EK1_A32LD0/PCGAPC1.CntVal1.actVal:BCR,"""2025-04-25T12:00:09.920Z"""
325375,EK1_A32LD0/PCGAPC1.CntVal1.actVal:BCR,"""2025-04-25T12:00:14.925Z"""
325376,EK1_A32LD0/PCGAPC1.CntVal1.actVal:BCR,"""2025-04-25T12:00:19.930Z"""
325377,EK1_A32LD0/PCGAPC1.CntVal1.actVal:BCR,"""2025-04-25T12:00:24.935Z"""
325378,EK1_A32LD0/PCGAPC1.CntVal1.actVal:BCR,"""2025-04-25T12:00:29.940Z"""
325379,EK1_A32LD0/PCGAPC1.CntVal1.actVal:BCR,"""2025-04-25T12:00:34.945Z"""
325380,EK1_A32LD0/PCGAPC1.CntVal1.actVal:BCR,"""2025-04-25T12:00:39.950Z"""
325381,EK1_A32LD0/PCGAPC1.CntVal1.actVal:BCR,"""2025-04-25T12:00:44.955Z"""
325382,EK1_A32LD0/PCGAPC1.CntVal1.actVal:BCR,"""2025-04-25T12:00:49.960Z"""
325382,EK1_A32LD0/PCGAPC1.CntVal1.actVal:BCR,"""2025-04-25T12:00:51.662Z"""
325383,EK1_A32LD0/PCGAPC1.CntVal1.actVal:BCR,"""2025-04-25T12:00:54.965Z"""
325384,EK1_A32LD0/PCGAPC1.CntVal1.actVal:BCR,"""2025-04-25T12:00:59.970Z"""
325385,EK1_A32LD0/PCGAPC1.CntVal1.actVal:BCR,"""2025-04-25T12:01:04.975Z"""
325386,EK1_A32LD0/PCGAPC1.CntVal1.actVal:BCR,"""2025-04-25T12:01:09.980Z"""
325387,EK1_A32LD0/PCGAPC1.CntVal1.actVal:BCR,"""2025-04-25T12:01:14.985Z"""
325388,EK1_A32LD0/PCGAPC1.CntVal1.actVal:BCR,"""2025-04-25T12:01:19.990Z"""
325389,EK1_A32LD0/PCGAPC1.CntVal1.actVal:BCR,"""2025-04-25T12:01:24.995Z"""
325390,EK1_A32LD0/PCGAPC1.CntVal1.actVal:BCR,"""2025-04-25T12:01:30.000Z"""
325391,EK1_A32LD0/PCGAPC1.CntVal1.actVal:BCR,"""2025-04-25T12:01:35.005Z"""
325392,EK1_A32LD0/PCGAPC1.CntVal1.actVal:BCR,"""2025-04-25T12:01:40.010Z"""
325393,EK1_A32LD0/PCGAPC1.CntVal1.actVal:BCR,"""2025-04-25T12:01:45.015Z"""
325394,EK1_A32LD0/PCGAPC1.CntVal1.actVal:BCR,"""2025-04-25T12:01:50.020Z"""
325394,EK1_A32LD0/PCGAPC1.CntVal1.actVal:BCR,"""2025-04-25T12:01:51.662Z"""
325395,EK1_A32LD0/PCGAPC1.CntVal1.actVal:BCR,"""2025-04-25T12:01:55.025Z"""
325396,EK1_A32LD0/PCGAPC1.CntVal1.actVal:BCR,"""2025-04-25T12:02:00.030Z"""
325397,EK1_A32LD0/PCGAPC1.CntVal1.actVal:BCR,"""2025-04-25T12:02:05.035Z"""
325398,EK1_A32LD0/PCGAPC1.CntVal1.actVal:BCR,"""2025-04-25T12:02:10.040Z"""
325399,EK1_A32LD0/PCGAPC1.CntVal1.actVal:BCR,"""2025-04-25T12:02:15.045Z"""
325400,EK1_A32LD0/PCGAPC1.CntVal1.actVal:BCR,"""2025-04-25T12:02:20.050Z"""
325401,EK1_A32LD0/PCGAPC1.CntVal1.actVal:BCR,"""2025-04-25T12:02:25.055Z"""
325402,EK1_A32LD0/PCGAPC1.CntVal1.actVal:BCR,"""2025-04-25T12:02:30.060Z"""
325403,EK1_A32LD0/PCGAPC1.CntVal1.actVal:BCR,"""2025-04-25T12:02:35.065Z"""
325404,EK1_A32LD0/PCGAPC1.CntVal1.actVal:BCR,"""2025-04-25T12:02:40.070Z"""
325405,EK1_A32LD0/PCGAPC1.CntVal1.actVal:BCR,"""2025-04-25T12:02:45.075Z"""
325406,EK1_A32LD0/PCGAPC1.CntVal1.actVal:BCR,"""2025-04-25T12:02:50.080Z"""
325406,EK1_A32LD0/PCGAPC1.CntVal1.actVal:BCR,"""2025-04-25T12:02:51.662Z"""
325407,EK1_A32LD0/PCGAPC1.CntVal1.actVal:BCR,"""2025-04-25T12:02:55.085Z"""
325408,EK1_A32LD0/PCGAPC1.CntVal1.actVal:BCR,"""2025-04-25T12:03:00.090Z"""
325409,EK1_A32LD0/PCGAPC1.CntVal1.actVal:BCR,"""2025-04-25T12:03:05.095Z"""
325410,EK1_A32LD0/PCGAPC1.CntVal1.actVal:BCR,"""2025-04-25T12:03:10.100Z"""
325411,EK1_A32LD0/PCGAPC1.CntVal1.actVal:BCR,"""2025-04-25T12:03:15.105Z"""
325412,EK1_A32LD0/PCGAPC1.CntVal1.actVal:BCR,"""2025-04-25T12:03:20.110Z"""
325413,EK1_A32LD0/PCGAPC1.CntVal1.actVal:BCR,"""2025-04-25T12:03:25.115Z"""
325414,EK1_A32LD0/PCGAPC1.CntVal1.actVal:BCR,"""2025-04-25T12:03:30.120Z"""
325415,EK1_A32LD0/PCGAPC1.CntVal1.actVal:BCR,"""2025-04-25T12:03:35.125Z"""
325416,EK1_A32LD0/PCGAPC1.CntVal1.actVal:BCR,"""2025-04-25T12:03:40.130Z"""
325417,EK1_A32LD0/PCGAPC1.CntVal1.actVal:BCR,"""2025-04-25T12:03:45.135Z"""
325418,EK1_A32LD0/PCGAPC1.CntVal1.actVal:BCR,"""2025-04-25T12:03:50.140Z"""
325418,EK1_A32LD0/PCGAPC1.CntVal1.actVal:BCR,"""2025-04-25T12:03:51.662Z"""
325419,EK1_A32LD0/PCGAPC1.CntVal1.actVal:BCR,"""2025-04-25T12:03:55.145Z"""
325420,EK1_A32LD0/PCGAPC1.CntVal1.actVal:BCR,"""2025-04-25T12:04:00.150Z"""
325421,EK1_A32LD0/PCGAPC1.CntVal1.actVal:BCR,"""2025-04-25T12:04:05.155Z"""
325422,EK1_A32LD0/PCGAPC1.CntVal1.actVal:BCR,"""2025-04-25T12:04:10.160Z"""
325423,EK1_A32LD0/PCGAPC1.CntVal1.actVal:BCR,"""2025-04-25T12:04:15.165Z"""
325424,EK1_A32LD0/PCGAPC1.CntVal1.actVal:BCR,"""2025-04-25T12:04:20.170Z"""
325425,EK1_A32LD0/PCGAPC1.CntVal1.actVal:BCR,"""2025-04-25T12:04:25.175Z"""
325426,EK1_A32LD0/PCGAPC1.CntVal1.actVal:BCR,"""2025-04-25T12:04:30.180Z"""
325427,EK1_A32LD0/PCGAPC1.CntVal1.actVal:BCR,"""2025-04-25T12:04:35.185Z"""
325428,EK1_A32LD0/PCGAPC1.CntVal1.actVal:BCR,"""2025-04-25T12:04:40.190Z"""
325429,EK1_A32LD0/PCGAPC1.CntVal1.actVal:BCR,"""2025-04-25T12:04:45.195Z"""
325430,EK1_A32LD0/PCGAPC1.CntVal1.actVal:BCR,"""2025-04-25T12:04:50.200Z"""
325430,EK1_A32LD0/PCGAPC1.CntVal1.actVal:BCR,"""2025-04-25T12:04:51.662Z"""
325431,EK1_A32LD0/PCGAPC1.CntVal1.actVal:BCR,"""2025-04-25T12:04:55.205Z"""
325432,EK1_A32LD0/PCGAPC1.CntVal1.actVal:BCR,"""2025-04-25T12:05:00.210Z"""
325433,EK1_A32LD0/PCGAPC1.CntVal1.actVal:BCR,"""2025-04-25T12:05:05.215Z"""
325434,EK1_A32LD0/PCGAPC1.CntVal1.actVal:BCR,"""2025-04-25T12:05:10.220Z"""
325435,EK1_A32LD0/PCGAPC1.CntVal1.actVal:BCR,"""2025-04-25T12:05:15.225Z"""
325436,EK1_A32LD0/PCGAPC1.CntVal1.actVal:BCR,"""2025-04-25T12:05:20.230Z"""
325437,EK1_A32LD0/PCGAPC1.CntVal1.actVal:BCR,"""2025-04-25T12:05:25.235Z"""
325438,EK1_A32LD0/PCGAPC1.CntVal1.actVal:BCR,"""2025-04-25T12:05:30.240Z"""
325439,EK1_A32LD0/PCGAPC1.CntVal1.actVal:BCR,"""2025-04-25T12:05:35.245Z"""
325440,EK1_A32LD0/PCGAPC1.CntVal1.actVal:BCR,"""2025-04-25T12:05:40.250Z"""
325441,EK1_A32LD0/PCGAPC1.CntVal1.actVal:BCR,"""2025-04-25T12:05:45.255Z"""
325442,EK1_A32LD0/PCGAPC1.CntVal1.actVal:BCR,"""2025-04-25T12:05:50.260Z"""
325442,EK1_A32LD0/PCGAPC1.CntVal1.actVal:BCR,"""2025-04-25T12:05:51.662Z"""
325443,EK1_A32LD0/PCGAPC1.CntVal1.actVal:BCR,"""2025-04-25T12:05:55.265Z"""
325444,EK1_A32LD0/PCGAPC1.CntVal1.actVal:BCR,"""2025-04-25T12:06:00.270Z"""
325445,EK1_A32LD0/PCGAPC1.CntVal1.actVal:BCR,"""2025-04-25T12:06:05.275Z"""
325446,EK1_A32LD0/PCGAPC1.CntVal1.actVal:BCR,"""2025-04-25T12:06:10.280Z"""
325447,EK1_A32LD0/PCGAPC1.CntVal1.actVal:BCR,"""2025-04-25T12:06:15.285Z"""
325448,EK1_A32LD0/PCGAPC1.CntVal1.actVal:BCR,"""2025-04-25T12:06:20.290Z"""
325449,EK1_A32LD0/PCGAPC1.CntVal1.actVal:BCR,"""2025-04-25T12:06:25.295Z"""
325450,EK1_A32LD0/PCGAPC1.CntVal1.actVal:BCR,"""2025-04-25T12:06:30.300Z"""
325451,EK1_A32LD0/PCGAPC1.CntVal1.actVal:BCR,"""2025-04-25T12:06:35.305Z"""
325452,EK1_A32LD0/PCGAPC1.CntVal1.actVal:BCR,"""2025-04-25T12:06:40.310Z"""
325453,EK1_A32LD0/PCGAPC1.CntVal1.actVal:BCR,"""2025-04-25T12:06:45.315Z"""
325454,EK1_A32LD0/PCGAPC1.CntVal1.actVal:BCR,"""2025-04-25T12:06:50.320Z"""
325454,EK1_A32LD0/PCGAPC1.CntVal1.actVal:BCR,"""2025-04-25T12:06:51.662Z"""
325455,EK1_A32LD0/PCGAPC1.CntVal1.actVal:BCR,"""2025-04-25T12:06:55.325Z"""
325456,EK1_A32LD0/PCGAPC1.CntVal1.actVal:BCR,"""2025-04-25T12:07:00.330Z"""
325457,EK1_A32LD0/PCGAPC1.CntVal1.actVal:BCR,"""2025-04-25T12:07:05.335Z"""
325458,EK1_A32LD0/PCGAPC1.CntVal1.actVal:BCR,"""2025-04-25T12:07:10.340Z"""
325459,EK1_A32LD0/PCGAPC1.CntVal1.actVal:BCR,"""2025-04-25T12:07:15.345Z"""
325460,EK1_A32LD0/PCGAPC1.CntVal1.actVal:BCR,"""2025-04-25T12:07:20.350Z"""
325461,EK1_A32LD0/PCGAPC1.CntVal1.actVal:BCR,"""2025-04-25T12:07:25.355Z"""
325462,EK1_A32LD0/PCGAPC1.CntVal1.actVal:BCR,"""2025-04-25T12:07:30.360Z"""
325463,EK1_A32LD0/PCGAPC1.CntVal1.actVal:BCR,"""2025-04-25T12:07:35.365Z"""
325464,EK1_A32LD0/PCGAPC1.CntVal1.actVal:BCR,"""2025-04-25T12:07:40.370Z"""
325465,EK1_A32LD0/PCGAPC1.CntVal1.actVal:BCR,"""2025-04-25T12:07:45.375Z"""
325466,EK1_A32LD0/PCGAPC1.CntVal1.actVal:BCR,"""2025-04-25T12:07:50.380Z"""
325466,EK1_A32LD0/PCGAPC1.CntVal1.actVal:BCR,"""2025-04-25T12:07:51.662Z"""
325467,EK1_A32LD0/PCGAPC1.CntVal1.actVal:BCR,"""2025-04-25T12:07:55.385Z"""
325468,EK1_A32LD0/PCGAPC1.CntVal1.actVal:BCR,"""2025-04-25T12:08:00.390Z"""
325469,EK1_A32LD0/PCGAPC1.CntVal1.actVal:BCR,"""2025-04-25T12:08:05.395Z"""
325470,EK1_A32LD0/PCGAPC1.CntVal1.actVal:BCR,"""2025-04-25T12:08:10.400Z"""
325471,EK1_A32LD0/PCGAPC1.CntVal1.actVal:BCR,"""2025-04-25T12:08:15.405Z"""
325472,EK1_A32LD0/PCGAPC1.CntVal1.actVal:BCR,"""2025-04-25T12:08:20.410Z"""
325473,EK1_A32LD0/PCGAPC1.CntVal1.actVal:BCR,"""2025-04-25T12:08:25.415Z"""
325474,EK1_A32LD0/PCGAPC1.CntVal1.actVal:BCR,"""2025-04-25T12:08:30.420Z"""
325475,EK1_A32LD0/PCGAPC1.CntVal1.actVal:BCR,"""2025-04-25T12:08:35.425Z"""
325476,EK1_A32LD0/PCGAPC1.CntVal1.actVal:BCR,"""2025-04-25T12:08:40.430Z"""
325477,EK1_A32LD0/PCGAPC1.CntVal1.actVal:BCR,"""2025-04-25T12:08:45.435Z"""
325478,EK1_A32LD0/PCGAPC1.CntVal1.actVal:BCR,"""2025-04-25T12:08:50.440Z"""
325478,EK1_A32LD0/PCGAPC1.CntVal1.actVal:BCR,"""2025-04-25T12:08:51.662Z"""
325479,EK1_A32LD0/PCGAPC1.CntVal1.actVal:BCR,"""2025-04-25T12:08:55.445Z"""
325480,EK1_A32LD0/PCGAPC1.CntVal1.actVal:BCR,"""2025-04-25T12:09:00.450Z"""
325481,EK1_A32LD0/PCGAPC1.CntVal1.actVal:BCR,"""2025-04-25T12:09:05.455Z"""
325482,EK1_A32LD0/PCGAPC1.CntVal1.actVal:BCR,"""2025-04-25T12:09:10.460Z"""
325483,EK1_A32LD0/PCGAPC1.CntVal1.actVal:BCR,"""2025-04-25T12:09:15.465Z"""
325484,EK1_A32LD0/PCGAPC1.CntVal1.actVal:BCR,"""2025-04-25T12:09:20.470Z"""
325485,EK1_A32LD0/PCGAPC1.CntVal1.actVal:BCR,"""2025-04-25T12:09:25.475Z"""
325486,EK1_A32LD0/PCGAPC1.CntVal1.actVal:BCR,"""2025-04-25T12:09:30.480Z"""
325487,EK1_A32LD0/PCGAPC1.CntVal1.actVal:BCR,"""2025-04-25T12:09:35.485Z"""
325488,EK1_A32LD0/PCGAPC1.CntVal1.actVal:BCR,"""2025-04-25T12:09:40.490Z"""
325489,EK1_A32LD0/PCGAPC1.CntVal1.actVal:BCR,"""2025-04-25T12:09:45.495Z"""
325490,EK1_A32LD0/PCGAPC1.CntVal1.actVal:BCR,"""2025-04-25T12:09:50.500Z"""
325490,EK1_A32LD0/PCGAPC1.CntVal1.actVal:BCR,"""2025-04-25T12:09:51.662Z"""
325491,EK1_A32LD0/PCGAPC1.CntVal1.actVal:BCR,"""2025-04-25T12:09:55.505Z"""
325492,EK1_A32LD0/PCGAPC1.CntVal1.actVal:BCR,"""2025-04-25T12:10:00.510Z"""
325493,EK1_A32LD0/PCGAPC1.CntVal1.actVal:BCR,"""2025-04-25T12:10:05.515Z"""
325494,EK1_A32LD0/PCGAPC1.CntVal1.actVal:BCR,"""2025-04-25T12:10:10.520Z"""
325498,EK1_A32LD0/PCGAPC1.CntVal1.actVal:BCR,"""2025-04-25T12:10:30.540Z"""
325499,EK1_A32LD0/PCGAPC1.CntVal1.actVal:BCR,"""2025-04-25T12:10:35.545Z"""
325500,EK1_A32LD0/PCGAPC1.CntVal1.actVal:BCR,"""2025-04-25T12:10:40.550Z"""
325502,EK1_A32LD0/PCGAPC1.CntVal1.actVal:BCR,"""2025-04-25T12:10:51.662Z"""
325507,EK1_A32LD0/PCGAPC1.CntVal1.actVal:BCR,"""2025-04-25T12:11:15.585Z"""
325514,EK1_A32LD0/PCGAPC1.CntVal1.actVal:BCR,"""2025-04-25T12:11:51.662Z"""
325515,EK1_A32LD0/PCGAPC1.CntVal1.actVal:BCR,"""2025-04-25T12:11:55.625Z"""
325518,EK1_A32LD0/PCGAPC1.CntVal1.actVal:BCR,"""2025-04-25T12:12:10.640Z"""
325526,EK1_A32LD0/PCGAPC1.CntVal1.actVal:BCR,"""2025-04-25T12:12:51.662Z"""
325535,EK1_A32LD0/PCGAPC1.CntVal1.actVal:BCR,"""2025-04-25T12:13:35.725Z"""
325536,EK1_A32LD0/PCGAPC1.CntVal1.actVal:BCR,"""2025-04-25T12:13:40.730Z"""
325538,EK1_A32LD0/PCGAPC1.CntVal1.actVal:BCR,"""2025-04-25T12:13:51.662Z"""
325550,EK1_A32LD0/PCGAPC1.CntVal1.actVal:BCR,"""2025-04-25T12:14:51.662Z"""
325555,EK1_A32LD0/PCGAPC1.CntVal1.actVal:BCR,"""2025-04-25T12:15:15.825Z"""
325556,EK1_A32LD0/PCGAPC1.CntVal1.actVal:BCR,"""2025-04-25T12:15:20.830Z"""
325557,EK1_A32LD0/PCGAPC1.CntVal1.actVal:BCR,"""2025-04-25T12:15:25.835Z"""
325558,EK1_A32LD0/PCGAPC1.CntVal1.actVal:BCR,"""2025-04-25T12:15:30.840Z"""
325559,EK1_A32LD0/PCGAPC1.CntVal1.actVal:BCR,"""2025-04-25T12:15:35.845Z"""
325562,EK1_A32LD0/PCGAPC1.CntVal1.actVal:BCR,"""2025-04-25T12:15:51.662Z"""
325574,EK1_A32LD0/PCGAPC1.CntVal1.actVal:BCR,"""2025-04-25T12:16:51.662Z"""
325576,EK1_A32LD0/PCGAPC1.CntVal1.actVal:BCR,"""2025-04-25T12:17:00.930Z"""
325577,EK1_A32LD0/PCGAPC1.CntVal1.actVal:BCR,"""2025-04-25T12:17:05.935Z"""
325578,EK1_A32LD0/PCGAPC1.CntVal1.actVal:BCR,"""2025-04-25T12:17:10.940Z"""
325579,EK1_A32LD0/PCGAPC1.CntVal1.actVal:BCR,"""2025-04-25T12:17:15.945Z"""
325580,EK1_A32LD0/PCGAPC1.CntVal1.actVal:BCR,"""2025-04-25T12:17:20.950Z"""
325581,EK1_A32LD0/PCGAPC1.CntVal1.actVal:BCR,"""2025-04-25T12:17:25.955Z"""
325586,EK1_A32LD0/PCGAPC1.CntVal1.actVal:BCR,"""2025-04-25T12:17:51.662Z"""
325596,EK1_A32LD0/PCGAPC1.CntVal1.actVal:BCR,"""2025-04-25T12:18:41.030Z"""
325597,EK1_A32LD0/PCGAPC1.CntVal1.actVal:BCR,"""2025-04-25T12:18:46.035Z"""
325598,EK1_A32LD0/PCGAPC1.CntVal1.actVal:BCR,"""2025-04-25T12:18:51.040Z"""
325598,EK1_A32LD0/PCGAPC1.CntVal1.actVal:BCR,"""2025-04-25T12:18:51.662Z"""
325599,EK1_A32LD0/PCGAPC1.CntVal1.actVal:BCR,"""2025-04-25T12:18:56.045Z"""
325600,EK1_A32LD0/PCGAPC1.CntVal1.actVal:BCR,"""2025-04-25T12:19:01.050Z"""
325601,EK1_A32LD0/PCGAPC1.CntVal1.actVal:BCR,"""2025-04-25T12:19:06.055Z"""
325602,EK1_A32LD0/PCGAPC1.CntVal1.actVal:BCR,"""2025-04-25T12:19:11.060Z"""
325603,EK1_A32LD0/PCGAPC1.CntVal1.actVal:BCR,"""2025-04-25T12:19:16.065Z"""
325610,EK1_A32LD0/PCGAPC1.CntVal1.actVal:BCR,"""2025-04-25T12:19:51.662Z"""
325617,EK1_A32LD0/PCGAPC1.CntVal1.actVal:BCR,"""2025-04-25T12:20:26.135Z"""
325618,EK1_A32LD0/PCGAPC1.CntVal1.actVal:BCR,"""2025-04-25T12:20:31.140Z"""
325619,EK1_A32LD0/PCGAPC1.CntVal1.actVal:BCR,"""2025-04-25T12:20:36.145Z"""
325620,EK1_A32LD0/PCGAPC1.CntVal1.actVal:BCR,"""2025-04-25T12:20:41.150Z"""
325621,EK1_A32LD0/PCGAPC1.CntVal1.actVal:BCR,"""2025-04-25T12:20:46.155Z"""
325622,EK1_A32LD0/PCGAPC1.CntVal1.actVal:BCR,"""2025-04-25T12:20:51.160Z"""
325622,EK1_A32LD0/PCGAPC1.CntVal1.actVal:BCR,"""2025-04-25T12:20:51.662Z"""
325623,EK1_A32LD0/PCGAPC1.CntVal1.actVal:BCR,"""2025-04-25T12:20:56.165Z"""
325624,EK1_A32LD0/PCGAPC1.CntVal1.actVal:BCR,"""2025-04-25T12:21:01.170Z"""
325625,EK1_A32LD0/PCGAPC1.CntVal1.actVal:BCR,"""2025-04-25T12:21:06.175Z"""
325626,EK1_A32LD0/PCGAPC1.CntVal1.actVal:BCR,"""2025-04-25T12:21:11.180Z"""
325627,EK1_A32LD0/PCGAPC1.CntVal1.actVal:BCR,"""2025-04-25T12:21:16.185Z"""
325634,EK1_A32LD0/PCGAPC1.CntVal1.actVal:BCR,"""2025-04-25T12:21:51.662Z"""
325637,EK1_A32LD0/PCGAPC1.CntVal1.actVal:BCR,"""2025-04-25T12:22:06.235Z"""
325638,EK1_A32LD0/PCGAPC1.CntVal1.actVal:BCR,"""2025-04-25T12:22:11.240Z"""
325639,EK1_A32LD0/PCGAPC1.CntVal1.actVal:BCR,"""2025-04-25T12:22:16.245Z"""
325640,EK1_A32LD0/PCGAPC1.CntVal1.actVal:BCR,"""2025-04-25T12:22:21.250Z"""
325641,EK1_A32LD0/PCGAPC1.CntVal1.actVal:BCR,"""2025-04-25T12:22:26.255Z"""
325642,EK1_A32LD0/PCGAPC1.CntVal1.actVal:BCR,"""2025-04-25T12:22:31.260Z"""
325643,EK1_A32LD0/PCGAPC1.CntVal1.actVal:BCR,"""2025-04-25T12:22:36.265Z"""
325644,EK1_A32LD0/PCGAPC1.CntVal1.actVal:BCR,"""2025-04-25T12:22:41.270Z"""
325645,EK1_A32LD0/PCGAPC1.CntVal1.actVal:BCR,"""2025-04-25T12:22:46.275Z"""
325646,EK1_A32LD0/PCGAPC1.CntVal1.actVal:BCR,"""2025-04-25T12:22:51.280Z"""
325646,EK1_A32LD0/PCGAPC1.CntVal1.actVal:BCR,"""2025-04-25T12:22:51.662Z"""
325647,EK1_A32LD0/PCGAPC1.CntVal1.actVal:BCR,"""2025-04-25T12:22:56.285Z"""
325648,EK1_A32LD0/PCGAPC1.CntVal1.actVal:BCR,"""2025-04-25T12:23:01.290Z"""
325658,EK1_A32LD0/PCGAPC1.CntVal1.actVal:BCR,"""2025-04-25T12:23:51.340Z"""
325658,EK1_A32LD0/PCGAPC1.CntVal1.actVal:BCR,"""2025-04-25T12:23:51.662Z"""
325659,EK1_A32LD0/PCGAPC1.CntVal1.actVal:BCR,"""2025-04-25T12:23:56.345Z"""
325660,EK1_A32LD0/PCGAPC1.CntVal1.actVal:BCR,"""2025-04-25T12:24:01.350Z"""
325661,EK1_A32LD0/PCGAPC1.CntVal1.actVal:BCR,"""2025-04-25T12:24:06.355Z"""
325662,EK1_A32LD0/PCGAPC1.CntVal1.actVal:BCR,"""2025-04-25T12:24:11.360Z"""
325663,EK1_A32LD0/PCGAPC1.CntVal1.actVal:BCR,"""2025-04-25T12:24:16.365Z"""
325664,EK1_A32LD0/PCGAPC1.CntVal1.actVal:BCR,"""2025-04-25T12:24:21.370Z"""
325665,EK1_A32LD0/PCGAPC1.CntVal1.actVal:BCR,"""2025-04-25T12:24:26.375Z"""
325666,EK1_A32LD0/PCGAPC1.CntVal1.actVal:BCR,"""2025-04-25T12:24:31.380Z"""
325667,EK1_A32LD0/PCGAPC1.CntVal1.actVal:BCR,"""2025-04-25T12:24:36.385Z"""
325668,EK1_A32LD0/PCGAPC1.CntVal1.actVal:BCR,"""2025-04-25T12:24:41.390Z"""
325669,EK1_A32LD0/PCGAPC1.CntVal1.actVal:BCR,"""2025-04-25T12:24:46.395Z"""
325670,EK1_A32LD0/PCGAPC1.CntVal1.actVal:BCR,"""2025-04-25T12:24:51.400Z"""
325670,EK1_A32LD0/PCGAPC1.CntVal1.actVal:BCR,"""2025-04-25T12:24:51.662Z"""
325679,EK1_A32LD0/PCGAPC1.CntVal1.actVal:BCR,"""2025-04-25T12:25:36.445Z"""
325680,EK1_A32LD0/PCGAPC1.CntVal1.actVal:BCR,"""2025-04-25T12:25:41.450Z"""
325681,EK1_A32LD0/PCGAPC1.CntVal1.actVal:BCR,"""2025-04-25T12:25:46.455Z"""
325682,EK1_A32LD0/PCGAPC1.CntVal1.actVal:BCR,"""2025-04-25T12:25:51.460Z"""
325682,EK1_A32LD0/PCGAPC1.CntVal1.actVal:BCR,"""2025-04-25T12:25:51.662Z"""
325683,EK1_A32LD0/PCGAPC1.CntVal1.actVal:BCR,"""2025-04-25T12:25:56.465Z"""
325684,EK1_A32LD0/PCGAPC1.CntVal1.actVal:BCR,"""2025-04-25T12:26:01.470Z"""
325685,EK1_A32LD0/PCGAPC1.CntVal1.actVal:BCR,"""2025-04-25T12:26:06.475Z"""
325686,EK1_A32LD0/PCGAPC1.CntVal1.actVal:BCR,"""2025-04-25T12:26:11.480Z"""
325687,EK1_A32LD0/PCGAPC1.CntVal1.actVal:BCR,"""2025-04-25T12:26:16.485Z"""
325688,EK1_A32LD0/PCGAPC1.CntVal1.actVal:BCR,"""2025-04-25T12:26:21.490Z"""
325689,EK1_A32LD0/PCGAPC1.CntVal1.actVal:BCR,"""2025-04-25T12:26:26.495Z"""
325690,EK1_A32LD0/PCGAPC1.CntVal1.actVal:BCR,"""2025-04-25T12:26:31.500Z"""
325691,EK1_A32LD0/PCGAPC1.CntVal1.actVal:BCR,"""2025-04-25T12:26:36.505Z"""
325692,EK1_A32LD0/PCGAPC1.CntVal1.actVal:BCR,"""2025-04-25T12:26:41.510Z"""
325693,EK1_A32LD0/PCGAPC1.CntVal1.actVal:BCR,"""2025-04-25T12:26:46.515Z"""
325694,EK1_A32LD0/PCGAPC1.CntVal1.actVal:BCR,"""2025-04-25T12:26:51.520Z"""
325694,EK1_A32LD0/PCGAPC1.CntVal1.actVal:BCR,"""2025-04-25T12:26:51.662Z"""
325699,EK1_A32LD0/PCGAPC1.CntVal1.actVal:BCR,"""2025-04-25T12:27:16.545Z"""
325700,EK1_A32LD0/PCGAPC1.CntVal1.actVal:BCR,"""2025-04-25T12:27:21.550Z"""
325701,EK1_A32LD0/PCGAPC1.CntVal1.actVal:BCR,"""2025-04-25T12:27:26.555Z"""
325702,EK1_A32LD0/PCGAPC1.CntVal1.actVal:BCR,"""2025-04-25T12:27:31.560Z"""
325703,EK1_A32LD0/PCGAPC1.CntVal1.actVal:BCR,"""2025-04-25T12:27:36.565Z"""
325704,EK1_A32LD0/PCGAPC1.CntVal1.actVal:BCR,"""2025-04-25T12:27:41.570Z"""
325705,EK1_A32LD0/PCGAPC1.CntVal1.actVal:BCR,"""2025-04-25T12:27:46.575Z"""
325706,EK1_A32LD0/PCGAPC1.CntVal1.actVal:BCR,"""2025-04-25T12:27:51.580Z"""
325706,EK1_A32LD0/PCGAPC1.CntVal1.actVal:BCR,"""2025-04-25T12:27:51.662Z"""
325707,EK1_A32LD0/PCGAPC1.CntVal1.actVal:BCR,"""2025-04-25T12:27:56.585Z"""
325708,EK1_A32LD0/PCGAPC1.CntVal1.actVal:BCR,"""2025-04-25T12:28:01.590Z"""
325709,EK1_A32LD0/PCGAPC1.CntVal1.actVal:BCR,"""2025-04-25T12:28:06.595Z"""
325710,EK1_A32LD0/PCGAPC1.CntVal1.actVal:BCR,"""2025-04-25T12:28:11.600Z"""
325711,EK1_A32LD0/PCGAPC1.CntVal1.actVal:BCR,"""2025-04-25T12:28:16.605Z"""
325712,EK1_A32LD0/PCGAPC1.CntVal1.actVal:BCR,"""2025-04-25T12:28:21.610Z"""
325713,EK1_A32LD0/PCGAPC1.CntVal1.actVal:BCR,"""2025-04-25T12:28:26.615Z"""
325714,EK1_A32LD0/PCGAPC1.CntVal1.actVal:BCR,"""2025-04-25T12:28:31.620Z"""
325715,EK1_A32LD0/PCGAPC1.CntVal1.actVal:BCR,"""2025-04-25T12:28:36.625Z"""
325720,EK1_A32LD0/PCGAPC1.CntVal1.actVal:BCR,"""2025-04-25T12:29:01.650Z"""
325721,EK1_A32LD0/PCGAPC1.CntVal1.actVal:BCR,"""2025-04-25T12:29:06.655Z"""
325722,EK1_A32LD0/PCGAPC1.CntVal1.actVal:BCR,"""2025-04-25T12:29:11.660Z"""
325723,EK1_A32LD0/PCGAPC1.CntVal1.actVal:BCR,"""2025-04-25T12:29:16.665Z"""
325724,EK1_A32LD0/PCGAPC1.CntVal1.actVal:BCR,"""2025-04-25T12:29:21.670Z"""
325725,EK1_A32LD0/PCGAPC1.CntVal1.actVal:BCR,"""2025-04-25T12:29:26.675Z"""
